20260902-090735,NQU,,SUCCESS,queens=14200
20260902-090736,LPS,,SUCCESS,rms=0.000e+00
20260902-090737,LIB,,SUCCESS,v=224.32332 Lb=21.34817
20260902-090738,NQU,FAULT_CONFIG_PATH,FAULT_EXPERIMENT_NAME,LD_PRELOAD,SUCCESS,queens=14200
20260902-090758,NQU,FAULT_VERBOSE,FAULT_CONFIG_PATH,FAULT_EXPERIMENT_NAME,LD_PRELOAD,SUCCESS,queens=14200
20260903-192544,NQU,FAULT_CONFIG_PATH,FAULT_EXPERIMENT_NAME,LD_PRELOAD,CUDA_ERROR,[cutil-shim] CUDA error at /home/portion/Gemu/ispass2009-benchmarks/NQU/nqueen.cu:660: OS call failed or operation not s
20260903-192545,NQU,FAULT_CONFIG_PATH,FAULT_EXPERIMENT_NAME,LD_PRELOAD,CUDA_ERROR,[cutil-shim] CUDA error at /home/portion/Gemu/ispass2009-benchmarks/NQU/nqueen.cu:660: OS call failed or operation not s
20260903-192545,NQU,FAULT_CONFIG_PATH,FAULT_EXPERIMENT_NAME,LD_PRELOAD,CUDA_ERROR,[cutil-shim] CUDA error at /home/portion/Gemu/ispass2009-benchmarks/NQU/nqueen.cu:660: OS call failed or operation not s
20260903-192643,NQU,FAULT_CONFIG_PATH,FAULT_EXPERIMENT_NAME,LD_PRELOAD,SUCCESS,queens=14200
20260903-192643,NQU,FAULT_CONFIG_PATH,FAULT_EXPERIMENT_NAME,LD_PRELOAD,SDC,queens=14202 expected=14200
20260903-192644,NQU,FAULT_CONFIG_PATH,FAULT_EXPERIMENT_NAME,LD_PRELOAD,SDC,queens=13944 expected=14200
20260903-202437,LPS,FAULT_CONFIG_PATH,FAULT_EXPERIMENT_NAME,LD_PRELOAD,SDC,no rms line
20260903-202438,LPS,FAULT_CONFIG_PATH,FAULT_EXPERIMENT_NAME,LD_PRELOAD,SUCCESS,rms=2.762e-03
20260903-202438,LIB,FAULT_CONFIG_PATH,FAULT_EXPERIMENT_NAME,LD_PRELOAD,SDC,v=1010262413523550208.00000/224.32332 Lb=21.34817/21.34817 reltol=0.02
20260903-202439,LIB,FAULT_CONFIG_PATH,FAULT_EXPERIMENT_NAME,LD_PRELOAD,SDC,v=238.28876/224.32332 Lb=21.34817/21.34817 reltol=0.02
20260903-203522,LPS,FAULT_CONFIG_PATH,FAULT_EXPERIMENT_NAME,LD_PRELOAD,SDC,no rms line
20260903-203523,LPS,FAULT_CONFIG_PATH,FAULT_EXPERIMENT_NAME,LD_PRELOAD,SUCCESS,rms=2.762e-03
20260903-203524,LIB,FAULT_CONFIG_PATH,FAULT_EXPERIMENT_NAME,LD_PRELOAD,SDC,v=1010262413523550208.00000/224.32332 Lb=21.34817/21.34817 reltol=0.02
20260903-203524,LIB,FAULT_CONFIG_PATH,FAULT_EXPERIMENT_NAME,LD_PRELOAD,SDC,v=238.28876/224.32332 Lb=21.34817/21.34817 reltol=0.02
20260903-203846,NQU,FAULT_CONFIG_PATH,FAULT_EXPERIMENT_NAME,LD_PRELOAD,CRASH,exit=127
20260903-203846,NQU,FAULT_CONFIG_PATH,FAULT_EXPERIMENT_NAME,LD_PRELOAD,CRASH,exit=127
20260903-203846,NQU,FAULT_CONFIG_PATH,FAULT_EXPERIMENT_NAME,LD_PRELOAD,CRASH,exit=127
20260903-203846,LPS,FAULT_CONFIG_PATH,FAULT_EXPERIMENT_NAME,LD_PRELOAD,CRASH,exit=127
20260903-203846,LPS,FAULT_CONFIG_PATH,FAULT_EXPERIMENT_NAME,LD_PRELOAD,CRASH,exit=127
20260903-203847,LIB,FAULT_CONFIG_PATH,FAULT_EXPERIMENT_NAME,LD_PRELOAD,CRASH,exit=127
20260903-203847,LIB,FAULT_CONFIG_PATH,FAULT_EXPERIMENT_NAME,LD_PRELOAD,CRASH,exit=127
20260903-203847,LIB,FAULT_CONFIG_PATH,FAULT_EXPERIMENT_NAME,LD_PRELOAD,CRASH,exit=127
20260903-204023,NQU,FAULT_CONFIG_PATH,FAULT_EXPERIMENT_NAME,LD_PRELOAD,SUCCESS,queens=14200
20260903-204024,NQU,FAULT_CONFIG_PATH,FAULT_EXPERIMENT_NAME,LD_PRELOAD,SDC,queens=14202 expected=14200
20260903-204024,NQU,FAULT_CONFIG_PATH,FAULT_EXPERIMENT_NAME,LD_PRELOAD,SDC,queens=13944 expected=14200
20260903-204025,LPS,FAULT_CONFIG_PATH,FAULT_EXPERIMENT_NAME,LD_PRELOAD,SDC,no rms line
20260903-204025,LPS,FAULT_CONFIG_PATH,FAULT_EXPERIMENT_NAME,LD_PRELOAD,SUCCESS,rms=0.000e+00
20260903-204026,LIB,FAULT_CONFIG_PATH,FAULT_EXPERIMENT_NAME,LD_PRELOAD,SDC,v=1010262413523550208.00000/224.32332 Lb=21.34817/21.34817 reltol=0.02
20260903-204027,LIB,FAULT_CONFIG_PATH,FAULT_EXPERIMENT_NAME,LD_PRELOAD,SDC,v=238.28876/224.32332 Lb=21.34817/21.34817 reltol=0.02
20260903-204028,LIB,FAULT_CONFIG_PATH,FAULT_EXPERIMENT_NAME,LD_PRELOAD,SUCCESS,v=224.32332 Lb=21.34817
20260904-051722,NQU,FAULT_CONFIG_PATH,FAULT_EXPERIMENT_NAME,LD_PRELOAD,SDC,queens=14202 expected=14200
20260904-051723,NQU,FAULT_CONFIG_PATH,FAULT_EXPERIMENT_NAME,LD_PRELOAD,SDC,queens=14456 expected=14200
20260904-051725,NQU,FAULT_CONFIG_PATH,FAULT_EXPERIMENT_NAME,LD_PRELOAD,CRASH,exit=1
20260904-051725,NQU,FAULT_CONFIG_PATH,FAULT_EXPERIMENT_NAME,LD_PRELOAD,SDC,queens=0 expected=14200
20260904-051752,NQU,FAULT_CONFIG_PATH,FAULT_EXPERIMENT_NAME,LD_PRELOAD,CRASH,exit=1
20260904-051857,NQU,FAULT_CONFIG_PATH,FAULT_EXPERIMENT_NAME,LD_PRELOAD,SDC,queens=14202 expected=14200
20260904-051858,NQU,FAULT_CONFIG_PATH,FAULT_EXPERIMENT_NAME,LD_PRELOAD,SDC,queens=14456 expected=14200
20260904-051900,NQU,FAULT_CONFIG_PATH,FAULT_EXPERIMENT_NAME,LD_PRELOAD,CUDA_ERROR,Cuda error in function 'cudaDeviceSynchronize()' file 'fault_injector.cu' in line 659 : misaligned address.
20260904-051900,NQU,FAULT_CONFIG_PATH,FAULT_EXPERIMENT_NAME,LD_PRELOAD,SDC,queens=0 expected=14200
20260904-062538,NQU,,SUCCESS,queens=14200
20260904-062539,NQU,FAULT_CONFIG_PATH,FAULT_EXPERIMENT_NAME,LD_PRELOAD,SDC,queens=14204 expected=14200
20260904-062539,NQU,FAULT_CONFIG_PATH,FAULT_EXPERIMENT_NAME,LD_PRELOAD,SDC,queens=14192 expected=14200
20260904-062540,NQU,FAULT_CONFIG_PATH,FAULT_EXPERIMENT_NAME,LD_PRELOAD,SDC,queens=14328 expected=14200
20260904-062540,NQU,FAULT_CONFIG_PATH,FAULT_EXPERIMENT_NAME,LD_PRELOAD,SDC,queens=13688 expected=14200
20260904-062541,NQU,FAULT_CONFIG_PATH,FAULT_EXPERIMENT_NAME,LD_PRELOAD,SDC,queens=16248 expected=14200
20260904-062541,NQU,FAULT_CONFIG_PATH,FAULT_EXPERIMENT_NAME,LD_PRELOAD,SDC,queens=10104 expected=14200
20260904-062541,NQU,FAULT_CONFIG_PATH,FAULT_EXPERIMENT_NAME,LD_PRELOAD,SDC,queens=6008 expected=14200
20260904-062542,NQU,FAULT_CONFIG_PATH,FAULT_EXPERIMENT_NAME,LD_PRELOAD,SDC,queens=145272 expected=14200
20260904-062542,NQU,FAULT_CONFIG_PATH,FAULT_EXPERIMENT_NAME,LD_PRELOAD,SDC,queens=14204 expected=14200
20260904-062543,NQU,FAULT_CONFIG_PATH,FAULT_EXPERIMENT_NAME,LD_PRELOAD,SDC,queens=79736 expected=14200
20260904-062543,NQU,FAULT_CONFIG_PATH,FAULT_EXPERIMENT_NAME,LD_PRELOAD,SDC,queens=14456 expected=14200
20260904-062546,NQU,FAULT_CONFIG_PATH,FAULT_EXPERIMENT_NAME,LD_PRELOAD,CUDA_ERROR,Cuda error in function 'cudaDeviceSynchronize()' file 'fault_injector.cu' in line 659 : misaligned address.
20260904-062546,NQU,FAULT_CONFIG_PATH,FAULT_EXPERIMENT_NAME,LD_PRELOAD,CUDA_ERROR,Cuda error in function 'cudaDeviceSynchronize()' file 'fault_injector.cu' in line 659 : unspecified launch failure.
20260904-062548,NQU,FAULT_CONFIG_PATH,FAULT_EXPERIMENT_NAME,LD_PRELOAD,CUDA_ERROR,Cuda error in function 'cudaDeviceSynchronize()' file 'fault_injector.cu' in line 659 : misaligned address.
20260904-062551,NQU,FAULT_CONFIG_PATH,FAULT_EXPERIMENT_NAME,LD_PRELOAD,CUDA_ERROR,Cuda error in function 'cudaDeviceSynchronize()' file 'fault_injector.cu' in line 659 : misaligned address.
20260904-062551,NQU,FAULT_CONFIG_PATH,FAULT_EXPERIMENT_NAME,LD_PRELOAD,SDC,queens=0 expected=14200
20260904-062552,NQU,FAULT_CONFIG_PATH,FAULT_EXPERIMENT_NAME,LD_PRELOAD,SUCCESS,queens=14200
20260904-062552,NQU,FAULT_CONFIG_PATH,FAULT_EXPERIMENT_NAME,LD_PRELOAD,SUCCESS,queens=14200
20260904-062553,NQU,FAULT_CONFIG_PATH,FAULT_EXPERIMENT_NAME,LD_PRELOAD,SUCCESS,queens=14200
20260904-062553,NQU,FAULT_CONFIG_PATH,FAULT_EXPERIMENT_NAME,LD_PRELOAD,SUCCESS,queens=14200
20260904-062554,NQU,FAULT_CONFIG_PATH,FAULT_EXPERIMENT_NAME,LD_PRELOAD,SUCCESS,queens=14200
20260904-062555,NQU,FAULT_CONFIG_PATH,FAULT_EXPERIMENT_NAME,LD_PRELOAD,SUCCESS,queens=14200
20260904-062555,NQU,FAULT_CONFIG_PATH,FAULT_EXPERIMENT_NAME,LD_PRELOAD,SDC,queens=14198 expected=14200
20260904-062556,NQU,FAULT_CONFIG_PATH,FAULT_EXPERIMENT_NAME,LD_PRELOAD,SUCCESS,queens=14200
20260904-062557,NQU,FAULT_CONFIG_PATH,FAULT_EXPERIMENT_NAME,LD_PRELOAD,SDC,queens=14238 expected=14200
20260904-062557,NQU,FAULT_CONFIG_PATH,FAULT_EXPERIMENT_NAME,LD_PRELOAD,SUCCESS,queens=14200
20260904-062558,NQU,FAULT_CONFIG_PATH,FAULT_EXPERIMENT_NAME,LD_PRELOAD,SDC,queens=14202 expected=14200
20260904-062559,NQU,FAULT_CONFIG_PATH,FAULT_EXPERIMENT_NAME,LD_PRELOAD,SDC,queens=14456 expected=14200
20260904-062559,NQU,FAULT_CONFIG_PATH,FAULT_EXPERIMENT_NAME,LD_PRELOAD,SDC,queens=14202 expected=14200
20260904-062600,NQU,FAULT_CONFIG_PATH,FAULT_EXPERIMENT_NAME,LD_PRELOAD,SDC,queens=14198 expected=14200
20260904-062600,NQU,FAULT_CONFIG_PATH,FAULT_EXPERIMENT_NAME,LD_PRELOAD,SDC,queens=14202 expected=14200
20260904-062601,NQU,FAULT_CONFIG_PATH,FAULT_EXPERIMENT_NAME,LD_PRELOAD,SDC,queens=14456 expected=14200
20260904-062601,NQU,FAULT_CONFIG_PATH,FAULT_EXPERIMENT_NAME,LD_PRELOAD,SDC,queens=14232 expected=14200
20260904-062602,NQU,FAULT_CONFIG_PATH,FAULT_EXPERIMENT_NAME,LD_PRELOAD,SUCCESS,queens=14200
20260904-064805,NQU,FAULT_CONFIG_PATH,FAULT_EXPERIMENT_NAME,LD_PRELOAD,SUCCESS,queens=14200
20260904-064805,NQU,FAULT_CONFIG_PATH,FAULT_EXPERIMENT_NAME,LD_PRELOAD,SDC,queens=14456 expected=14200
20260904-074258,NQU,FAULT_CONFIG_PATH,FAULT_EXPERIMENT_NAME,LD_PRELOAD,SUCCESS,queens=14200
20260904-074259,NQU,FAULT_CONFIG_PATH,FAULT_EXPERIMENT_NAME,LD_PRELOAD,SUCCESS,queens=14200
20260904-074301,NQU,FAULT_CONFIG_PATH,FAULT_EXPERIMENT_NAME,LD_PRELOAD,SUCCESS,queens=14200
20260904-074302,NQU,FAULT_CONFIG_PATH,FAULT_EXPERIMENT_NAME,LD_PRELOAD,SUCCESS,queens=14200
20260904-074304,NQU,FAULT_CONFIG_PATH,FAULT_EXPERIMENT_NAME,LD_PRELOAD,SUCCESS,queens=14200
20260904-074305,NQU,FAULT_CONFIG_PATH,FAULT_EXPERIMENT_NAME,LD_PRELOAD,SUCCESS,queens=14200
20260904-074307,NQU,FAULT_CONFIG_PATH,FAULT_EXPERIMENT_NAME,LD_PRELOAD,SUCCESS,queens=14200
20260904-074308,NQU,FAULT_CONFIG_PATH,FAULT_EXPERIMENT_NAME,LD_PRELOAD,SUCCESS,queens=14200
20260904-074310,NQU,FAULT_CONFIG_PATH,FAULT_EXPERIMENT_NAME,LD_PRELOAD,SUCCESS,queens=14200
20260904-074311,NQU,FAULT_CONFIG_PATH,FAULT_EXPERIMENT_NAME,LD_PRELOAD,SUCCESS,queens=14200
20260904-074313,NQU,FAULT_CONFIG_PATH,FAULT_EXPERIMENT_NAME,LD_PRELOAD,SUCCESS,queens=14200
20260904-074314,NQU,FAULT_CONFIG_PATH,FAULT_EXPERIMENT_NAME,LD_PRELOAD,SUCCESS,queens=14200
20260904-074316,NQU,FAULT_CONFIG_PATH,FAULT_EXPERIMENT_NAME,LD_PRELOAD,SUCCESS,queens=14200
20260904-074317,NQU,FAULT_CONFIG_PATH,FAULT_EXPERIMENT_NAME,LD_PRELOAD,SUCCESS,queens=14200
20260904-074318,NQU,FAULT_CONFIG_PATH,FAULT_EXPERIMENT_NAME,LD_PRELOAD,SUCCESS,queens=14200
20260904-074320,NQU,FAULT_CONFIG_PATH,FAULT_EXPERIMENT_NAME,LD_PRELOAD,SUCCESS,queens=14200
20260904-074321,NQU,FAULT_CONFIG_PATH,FAULT_EXPERIMENT_NAME,LD_PRELOAD,SUCCESS,queens=14200
20260904-074323,NQU,FAULT_CONFIG_PATH,FAULT_EXPERIMENT_NAME,LD_PRELOAD,SUCCESS,queens=14200
20260904-074324,NQU,FAULT_CONFIG_PATH,FAULT_EXPERIMENT_NAME,LD_PRELOAD,SUCCESS,queens=14200
20260904-074326,NQU,FAULT_CONFIG_PATH,FAULT_EXPERIMENT_NAME,LD_PRELOAD,SUCCESS,queens=14200
20260904-074327,NQU,FAULT_CONFIG_PATH,FAULT_EXPERIMENT_NAME,LD_PRELOAD,SUCCESS,queens=14200
20260904-074329,NQU,FAULT_CONFIG_PATH,FAULT_EXPERIMENT_NAME,LD_PRELOAD,SUCCESS,queens=14200
20260904-074330,NQU,FAULT_CONFIG_PATH,FAULT_EXPERIMENT_NAME,LD_PRELOAD,SUCCESS,queens=14200
20260904-074331,NQU,FAULT_CONFIG_PATH,FAULT_EXPERIMENT_NAME,LD_PRELOAD,SUCCESS,queens=14200
20260904-074333,NQU,FAULT_CONFIG_PATH,FAULT_EXPERIMENT_NAME,LD_PRELOAD,SUCCESS,queens=14200
20260904-074334,NQU,FAULT_CONFIG_PATH,FAULT_EXPERIMENT_NAME,LD_PRELOAD,SUCCESS,queens=14200
20260904-074337,NQU,FAULT_CONFIG_PATH,FAULT_EXPERIMENT_NAME,LD_PRELOAD,SUCCESS,queens=14200
20260904-074338,NQU,FAULT_CONFIG_PATH,FAULT_EXPERIMENT_NAME,LD_PRELOAD,SUCCESS,queens=14200
20260904-074339,NQU,FAULT_CONFIG_PATH,FAULT_EXPERIMENT_NAME,LD_PRELOAD,SUCCESS,queens=14200
20260904-074341,NQU,FAULT_CONFIG_PATH,FAULT_EXPERIMENT_NAME,LD_PRELOAD,SUCCESS,queens=14200
20260904-074342,NQU,FAULT_CONFIG_PATH,FAULT_EXPERIMENT_NAME,LD_PRELOAD,SUCCESS,queens=14200
20260904-074344,NQU,FAULT_CONFIG_PATH,FAULT_EXPERIMENT_NAME,LD_PRELOAD,SUCCESS,queens=14200
20260904-074345,NQU,FAULT_CONFIG_PATH,FAULT_EXPERIMENT_NAME,LD_PRELOAD,SUCCESS,queens=14200
20260904-074347,NQU,FAULT_CONFIG_PATH,FAULT_EXPERIMENT_NAME,LD_PRELOAD,SUCCESS,queens=14200
20260904-074348,NQU,FAULT_CONFIG_PATH,FAULT_EXPERIMENT_NAME,LD_PRELOAD,SUCCESS,queens=14200
20260904-074350,NQU,FAULT_CONFIG_PATH,FAULT_EXPERIMENT_NAME,LD_PRELOAD,SUCCESS,queens=14200
20260904-074351,NQU,FAULT_CONFIG_PATH,FAULT_EXPERIMENT_NAME,LD_PRELOAD,SUCCESS,queens=14200
20260904-074352,NQU,FAULT_CONFIG_PATH,FAULT_EXPERIMENT_NAME,LD_PRELOAD,SUCCESS,queens=14200
20260904-074354,NQU,FAULT_CONFIG_PATH,FAULT_EXPERIMENT_NAME,LD_PRELOAD,SUCCESS,queens=14200
20260904-074355,NQU,FAULT_CONFIG_PATH,FAULT_EXPERIMENT_NAME,LD_PRELOAD,SUCCESS,queens=14200
20260904-074356,NQU,FAULT_CONFIG_PATH,FAULT_EXPERIMENT_NAME,LD_PRELOAD,SUCCESS,queens=14200
20260904-074358,NQU,FAULT_CONFIG_PATH,FAULT_EXPERIMENT_NAME,LD_PRELOAD,SUCCESS,queens=14200
20260904-074400,NQU,FAULT_CONFIG_PATH,FAULT_EXPERIMENT_NAME,LD_PRELOAD,SUCCESS,queens=14200
20260904-074401,NQU,FAULT_CONFIG_PATH,FAULT_EXPERIMENT_NAME,LD_PRELOAD,SUCCESS,queens=14200
20260904-074403,NQU,FAULT_CONFIG_PATH,FAULT_EXPERIMENT_NAME,LD_PRELOAD,SUCCESS,queens=14200
20260904-074404,NQU,FAULT_CONFIG_PATH,FAULT_EXPERIMENT_NAME,LD_PRELOAD,SUCCESS,queens=14200
20260904-074406,NQU,FAULT_CONFIG_PATH,FAULT_EXPERIMENT_NAME,LD_PRELOAD,SUCCESS,queens=14200
20260904-074407,NQU,FAULT_CONFIG_PATH,FAULT_EXPERIMENT_NAME,LD_PRELOAD,SUCCESS,queens=14200
20260904-074409,NQU,FAULT_CONFIG_PATH,FAULT_EXPERIMENT_NAME,LD_PRELOAD,SUCCESS,queens=14200
20260904-074411,NQU,FAULT_CONFIG_PATH,FAULT_EXPERIMENT_NAME,LD_PRELOAD,SUCCESS,queens=14200
20260904-074413,NQU,FAULT_CONFIG_PATH,FAULT_EXPERIMENT_NAME,LD_PRELOAD,SUCCESS,queens=14200
20260904-074414,NQU,FAULT_CONFIG_PATH,FAULT_EXPERIMENT_NAME,LD_PRELOAD,SUCCESS,queens=14200
20260904-074416,NQU,FAULT_CONFIG_PATH,FAULT_EXPERIMENT_NAME,LD_PRELOAD,SUCCESS,queens=14200
20260904-074417,NQU,FAULT_CONFIG_PATH,FAULT_EXPERIMENT_NAME,LD_PRELOAD,SUCCESS,queens=14200
20260904-074418,NQU,FAULT_CONFIG_PATH,FAULT_EXPERIMENT_NAME,LD_PRELOAD,SUCCESS,queens=14200
20260904-074420,NQU,FAULT_CONFIG_PATH,FAULT_EXPERIMENT_NAME,LD_PRELOAD,SUCCESS,queens=14200
20260904-074421,NQU,FAULT_CONFIG_PATH,FAULT_EXPERIMENT_NAME,LD_PRELOAD,SUCCESS,queens=14200
20260904-074423,NQU,FAULT_CONFIG_PATH,FAULT_EXPERIMENT_NAME,LD_PRELOAD,SUCCESS,queens=14200
20260904-074424,NQU,FAULT_CONFIG_PATH,FAULT_EXPERIMENT_NAME,LD_PRELOAD,SUCCESS,queens=14200
20260904-074426,NQU,FAULT_CONFIG_PATH,FAULT_EXPERIMENT_NAME,LD_PRELOAD,SUCCESS,queens=14200
20260904-074427,NQU,FAULT_CONFIG_PATH,FAULT_EXPERIMENT_NAME,LD_PRELOAD,SUCCESS,queens=14200
20260904-074429,NQU,FAULT_CONFIG_PATH,FAULT_EXPERIMENT_NAME,LD_PRELOAD,SUCCESS,queens=14200
20260904-074431,NQU,FAULT_CONFIG_PATH,FAULT_EXPERIMENT_NAME,LD_PRELOAD,SUCCESS,queens=14200
20260904-074432,NQU,FAULT_CONFIG_PATH,FAULT_EXPERIMENT_NAME,LD_PRELOAD,SUCCESS,queens=14200
20260904-074433,NQU,FAULT_CONFIG_PATH,FAULT_EXPERIMENT_NAME,LD_PRELOAD,SUCCESS,queens=14200
20260904-074435,NQU,FAULT_CONFIG_PATH,FAULT_EXPERIMENT_NAME,LD_PRELOAD,SUCCESS,queens=14200
20260904-074436,NQU,FAULT_CONFIG_PATH,FAULT_EXPERIMENT_NAME,LD_PRELOAD,SUCCESS,queens=14200
20260904-074438,NQU,FAULT_CONFIG_PATH,FAULT_EXPERIMENT_NAME,LD_PRELOAD,SUCCESS,queens=14200
20260904-074439,NQU,FAULT_CONFIG_PATH,FAULT_EXPERIMENT_NAME,LD_PRELOAD,SUCCESS,queens=14200
20260904-074441,NQU,FAULT_CONFIG_PATH,FAULT_EXPERIMENT_NAME,LD_PRELOAD,SUCCESS,queens=14200
20260904-074443,NQU,FAULT_CONFIG_PATH,FAULT_EXPERIMENT_NAME,LD_PRELOAD,SUCCESS,queens=14200
20260904-074444,NQU,FAULT_CONFIG_PATH,FAULT_EXPERIMENT_NAME,LD_PRELOAD,SUCCESS,queens=14200
20260904-074446,NQU,FAULT_CONFIG_PATH,FAULT_EXPERIMENT_NAME,LD_PRELOAD,SUCCESS,queens=14200
20260904-074447,NQU,FAULT_CONFIG_PATH,FAULT_EXPERIMENT_NAME,LD_PRELOAD,SUCCESS,queens=14200
20260904-074449,NQU,FAULT_CONFIG_PATH,FAULT_EXPERIMENT_NAME,LD_PRELOAD,SUCCESS,queens=14200
20260904-074450,NQU,FAULT_CONFIG_PATH,FAULT_EXPERIMENT_NAME,LD_PRELOAD,SUCCESS,queens=14200
20260904-074452,NQU,FAULT_CONFIG_PATH,FAULT_EXPERIMENT_NAME,LD_PRELOAD,SUCCESS,queens=14200
20260904-074453,NQU,FAULT_CONFIG_PATH,FAULT_EXPERIMENT_NAME,LD_PRELOAD,SUCCESS,queens=14200
20260904-074454,NQU,FAULT_CONFIG_PATH,FAULT_EXPERIMENT_NAME,LD_PRELOAD,SUCCESS,queens=14200
20260904-074456,NQU,FAULT_CONFIG_PATH,FAULT_EXPERIMENT_NAME,LD_PRELOAD,SUCCESS,queens=14200
20260904-074458,NQU,FAULT_CONFIG_PATH,FAULT_EXPERIMENT_NAME,LD_PRELOAD,SUCCESS,queens=14200
20260904-074500,NQU,FAULT_CONFIG_PATH,FAULT_EXPERIMENT_NAME,LD_PRELOAD,SUCCESS,queens=14200
20260904-074502,NQU,FAULT_CONFIG_PATH,FAULT_EXPERIMENT_NAME,LD_PRELOAD,SUCCESS,queens=14200
20260904-074503,NQU,FAULT_CONFIG_PATH,FAULT_EXPERIMENT_NAME,LD_PRELOAD,SUCCESS,queens=14200
20260904-074505,NQU,FAULT_CONFIG_PATH,FAULT_EXPERIMENT_NAME,LD_PRELOAD,SUCCESS,queens=14200
20260904-074506,NQU,FAULT_CONFIG_PATH,FAULT_EXPERIMENT_NAME,LD_PRELOAD,SUCCESS,queens=14200
20260904-074508,NQU,FAULT_CONFIG_PATH,FAULT_EXPERIMENT_NAME,LD_PRELOAD,SUCCESS,queens=14200
20260904-074509,NQU,FAULT_CONFIG_PATH,FAULT_EXPERIMENT_NAME,LD_PRELOAD,SUCCESS,queens=14200
20260904-074511,NQU,FAULT_CONFIG_PATH,FAULT_EXPERIMENT_NAME,LD_PRELOAD,SUCCESS,queens=14200
20260904-074512,NQU,FAULT_CONFIG_PATH,FAULT_EXPERIMENT_NAME,LD_PRELOAD,SUCCESS,queens=14200
20260904-074514,NQU,FAULT_CONFIG_PATH,FAULT_EXPERIMENT_NAME,LD_PRELOAD,SUCCESS,queens=14200
20260904-074516,NQU,FAULT_CONFIG_PATH,FAULT_EXPERIMENT_NAME,LD_PRELOAD,SUCCESS,queens=14200
20260904-074517,NQU,FAULT_CONFIG_PATH,FAULT_EXPERIMENT_NAME,LD_PRELOAD,SUCCESS,queens=14200
20260904-074519,NQU,FAULT_CONFIG_PATH,FAULT_EXPERIMENT_NAME,LD_PRELOAD,SUCCESS,queens=14200
20260904-074520,NQU,FAULT_CONFIG_PATH,FAULT_EXPERIMENT_NAME,LD_PRELOAD,SUCCESS,queens=14200
20260904-074522,NQU,FAULT_CONFIG_PATH,FAULT_EXPERIMENT_NAME,LD_PRELOAD,SUCCESS,queens=14200
20260904-074523,NQU,FAULT_CONFIG_PATH,FAULT_EXPERIMENT_NAME,LD_PRELOAD,SUCCESS,queens=14200
20260904-074525,NQU,FAULT_CONFIG_PATH,FAULT_EXPERIMENT_NAME,LD_PRELOAD,SUCCESS,queens=14200
20260904-074526,NQU,FAULT_CONFIG_PATH,FAULT_EXPERIMENT_NAME,LD_PRELOAD,SUCCESS,queens=14200
20260904-074528,NQU,FAULT_CONFIG_PATH,FAULT_EXPERIMENT_NAME,LD_PRELOAD,SUCCESS,queens=14200
20260904-074529,NQU,FAULT_CONFIG_PATH,FAULT_EXPERIMENT_NAME,LD_PRELOAD,SUCCESS,queens=14200
20260904-074530,NQU,FAULT_CONFIG_PATH,FAULT_EXPERIMENT_NAME,LD_PRELOAD,SUCCESS,queens=14200
20260904-074533,NQU,FAULT_CONFIG_PATH,FAULT_EXPERIMENT_NAME,LD_PRELOAD,SUCCESS,queens=14200
20260904-074534,NQU,FAULT_CONFIG_PATH,FAULT_EXPERIMENT_NAME,LD_PRELOAD,SUCCESS,queens=14200
20260904-074536,NQU,FAULT_CONFIG_PATH,FAULT_EXPERIMENT_NAME,LD_PRELOAD,SUCCESS,queens=14200
20260904-074537,NQU,FAULT_CONFIG_PATH,FAULT_EXPERIMENT_NAME,LD_PRELOAD,SUCCESS,queens=14200
20260904-074539,NQU,FAULT_CONFIG_PATH,FAULT_EXPERIMENT_NAME,LD_PRELOAD,SUCCESS,queens=14200
20260904-074540,NQU,FAULT_CONFIG_PATH,FAULT_EXPERIMENT_NAME,LD_PRELOAD,SUCCESS,queens=14200
20260904-074542,NQU,FAULT_CONFIG_PATH,FAULT_EXPERIMENT_NAME,LD_PRELOAD,SUCCESS,queens=14200
20260904-074543,NQU,FAULT_CONFIG_PATH,FAULT_EXPERIMENT_NAME,LD_PRELOAD,SUCCESS,queens=14200
20260904-074545,NQU,FAULT_CONFIG_PATH,FAULT_EXPERIMENT_NAME,LD_PRELOAD,SUCCESS,queens=14200
20260904-074546,NQU,FAULT_CONFIG_PATH,FAULT_EXPERIMENT_NAME,LD_PRELOAD,SUCCESS,queens=14200
20260904-074547,NQU,FAULT_CONFIG_PATH,FAULT_EXPERIMENT_NAME,LD_PRELOAD,SUCCESS,queens=14200
20260904-074549,NQU,FAULT_CONFIG_PATH,FAULT_EXPERIMENT_NAME,LD_PRELOAD,SUCCESS,queens=14200
20260904-074550,NQU,FAULT_CONFIG_PATH,FAULT_EXPERIMENT_NAME,LD_PRELOAD,SUCCESS,queens=14200
20260904-074552,NQU,FAULT_CONFIG_PATH,FAULT_EXPERIMENT_NAME,LD_PRELOAD,SUCCESS,queens=14200
20260904-074553,NQU,FAULT_CONFIG_PATH,FAULT_EXPERIMENT_NAME,LD_PRELOAD,SUCCESS,queens=14200
20260904-074555,NQU,FAULT_CONFIG_PATH,FAULT_EXPERIMENT_NAME,LD_PRELOAD,SUCCESS,queens=14200
20260904-074556,NQU,FAULT_CONFIG_PATH,FAULT_EXPERIMENT_NAME,LD_PRELOAD,SUCCESS,queens=14200
20260904-074558,NQU,FAULT_CONFIG_PATH,FAULT_EXPERIMENT_NAME,LD_PRELOAD,SUCCESS,queens=14200
20260904-074559,NQU,FAULT_CONFIG_PATH,FAULT_EXPERIMENT_NAME,LD_PRELOAD,SUCCESS,queens=14200
20260904-074601,NQU,FAULT_CONFIG_PATH,FAULT_EXPERIMENT_NAME,LD_PRELOAD,SUCCESS,queens=14200
20260904-074602,NQU,FAULT_CONFIG_PATH,FAULT_EXPERIMENT_NAME,LD_PRELOAD,SUCCESS,queens=14200
20260904-074603,NQU,FAULT_CONFIG_PATH,FAULT_EXPERIMENT_NAME,LD_PRELOAD,SUCCESS,queens=14200
20260904-074605,NQU,FAULT_CONFIG_PATH,FAULT_EXPERIMENT_NAME,LD_PRELOAD,SUCCESS,queens=14200
20260904-074606,NQU,FAULT_CONFIG_PATH,FAULT_EXPERIMENT_NAME,LD_PRELOAD,SUCCESS,queens=14200
20260904-074608,NQU,FAULT_CONFIG_PATH,FAULT_EXPERIMENT_NAME,LD_PRELOAD,SUCCESS,queens=14200
20260904-074609,NQU,FAULT_CONFIG_PATH,FAULT_EXPERIMENT_NAME,LD_PRELOAD,SUCCESS,queens=14200
20260904-074611,NQU,FAULT_CONFIG_PATH,FAULT_EXPERIMENT_NAME,LD_PRELOAD,SUCCESS,queens=14200
20260904-074612,NQU,FAULT_CONFIG_PATH,FAULT_EXPERIMENT_NAME,LD_PRELOAD,SUCCESS,queens=14200
20260904-074614,NQU,FAULT_CONFIG_PATH,FAULT_EXPERIMENT_NAME,LD_PRELOAD,SUCCESS,queens=14200
20260904-074615,NQU,FAULT_CONFIG_PATH,FAULT_EXPERIMENT_NAME,LD_PRELOAD,SUCCESS,queens=14200
20260904-074617,NQU,FAULT_CONFIG_PATH,FAULT_EXPERIMENT_NAME,LD_PRELOAD,SUCCESS,queens=14200
20260904-074618,NQU,FAULT_CONFIG_PATH,FAULT_EXPERIMENT_NAME,LD_PRELOAD,SUCCESS,queens=14200
20260904-074620,NQU,FAULT_CONFIG_PATH,FAULT_EXPERIMENT_NAME,LD_PRELOAD,SUCCESS,queens=14200
20260904-074621,NQU,FAULT_CONFIG_PATH,FAULT_EXPERIMENT_NAME,LD_PRELOAD,SUCCESS,queens=14200
20260904-074622,NQU,FAULT_CONFIG_PATH,FAULT_EXPERIMENT_NAME,LD_PRELOAD,SUCCESS,queens=14200
20260904-074624,NQU,FAULT_CONFIG_PATH,FAULT_EXPERIMENT_NAME,LD_PRELOAD,SUCCESS,queens=14200
20260904-074625,NQU,FAULT_CONFIG_PATH,FAULT_EXPERIMENT_NAME,LD_PRELOAD,SUCCESS,queens=14200
20260904-074627,NQU,FAULT_CONFIG_PATH,FAULT_EXPERIMENT_NAME,LD_PRELOAD,SUCCESS,queens=14200
20260904-074628,NQU,FAULT_CONFIG_PATH,FAULT_EXPERIMENT_NAME,LD_PRELOAD,SUCCESS,queens=14200
20260904-074630,NQU,FAULT_CONFIG_PATH,FAULT_EXPERIMENT_NAME,LD_PRELOAD,SUCCESS,queens=14200
20260904-074631,NQU,FAULT_CONFIG_PATH,FAULT_EXPERIMENT_NAME,LD_PRELOAD,SUCCESS,queens=14200
20260904-074633,NQU,FAULT_CONFIG_PATH,FAULT_EXPERIMENT_NAME,LD_PRELOAD,SUCCESS,queens=14200
20260904-074634,NQU,FAULT_CONFIG_PATH,FAULT_EXPERIMENT_NAME,LD_PRELOAD,SUCCESS,queens=14200
20260904-074636,NQU,FAULT_CONFIG_PATH,FAULT_EXPERIMENT_NAME,LD_PRELOAD,SUCCESS,queens=14200
20260904-074637,NQU,FAULT_CONFIG_PATH,FAULT_EXPERIMENT_NAME,LD_PRELOAD,SUCCESS,queens=14200
20260904-074639,NQU,FAULT_CONFIG_PATH,FAULT_EXPERIMENT_NAME,LD_PRELOAD,SUCCESS,queens=14200
20260904-074640,NQU,FAULT_CONFIG_PATH,FAULT_EXPERIMENT_NAME,LD_PRELOAD,SUCCESS,queens=14200
20260904-074642,NQU,FAULT_CONFIG_PATH,FAULT_EXPERIMENT_NAME,LD_PRELOAD,SUCCESS,queens=14200
20260904-074643,NQU,FAULT_CONFIG_PATH,FAULT_EXPERIMENT_NAME,LD_PRELOAD,SUCCESS,queens=14200
20260904-074645,NQU,FAULT_CONFIG_PATH,FAULT_EXPERIMENT_NAME,LD_PRELOAD,SUCCESS,queens=14200
20260904-074646,NQU,FAULT_CONFIG_PATH,FAULT_EXPERIMENT_NAME,LD_PRELOAD,SUCCESS,queens=14200
20260904-074648,NQU,FAULT_CONFIG_PATH,FAULT_EXPERIMENT_NAME,LD_PRELOAD,SUCCESS,queens=14200
20260904-074650,NQU,FAULT_CONFIG_PATH,FAULT_EXPERIMENT_NAME,LD_PRELOAD,SUCCESS,queens=14200
20260904-074651,NQU,FAULT_CONFIG_PATH,FAULT_EXPERIMENT_NAME,LD_PRELOAD,SUCCESS,queens=14200
20260904-074653,NQU,FAULT_CONFIG_PATH,FAULT_EXPERIMENT_NAME,LD_PRELOAD,SUCCESS,queens=14200
20260904-074654,NQU,FAULT_CONFIG_PATH,FAULT_EXPERIMENT_NAME,LD_PRELOAD,SUCCESS,queens=14200
20260904-074656,NQU,FAULT_CONFIG_PATH,FAULT_EXPERIMENT_NAME,LD_PRELOAD,SUCCESS,queens=14200
20260904-074657,NQU,FAULT_CONFIG_PATH,FAULT_EXPERIMENT_NAME,LD_PRELOAD,SUCCESS,queens=14200
20260904-074659,NQU,FAULT_CONFIG_PATH,FAULT_EXPERIMENT_NAME,LD_PRELOAD,SUCCESS,queens=14200
20260904-074700,NQU,FAULT_CONFIG_PATH,FAULT_EXPERIMENT_NAME,LD_PRELOAD,SUCCESS,queens=14200
20260904-074702,NQU,FAULT_CONFIG_PATH,FAULT_EXPERIMENT_NAME,LD_PRELOAD,SUCCESS,queens=14200
20260904-074703,NQU,FAULT_CONFIG_PATH,FAULT_EXPERIMENT_NAME,LD_PRELOAD,SUCCESS,queens=14200
20260904-074705,NQU,FAULT_CONFIG_PATH,FAULT_EXPERIMENT_NAME,LD_PRELOAD,SUCCESS,queens=14200
20260904-074706,NQU,FAULT_CONFIG_PATH,FAULT_EXPERIMENT_NAME,LD_PRELOAD,SUCCESS,queens=14200
20260904-074708,NQU,FAULT_CONFIG_PATH,FAULT_EXPERIMENT_NAME,LD_PRELOAD,SUCCESS,queens=14200
20260904-074709,NQU,FAULT_CONFIG_PATH,FAULT_EXPERIMENT_NAME,LD_PRELOAD,SUCCESS,queens=14200
20260904-074711,NQU,FAULT_CONFIG_PATH,FAULT_EXPERIMENT_NAME,LD_PRELOAD,SUCCESS,queens=14200
20260904-074712,NQU,FAULT_CONFIG_PATH,FAULT_EXPERIMENT_NAME,LD_PRELOAD,SUCCESS,queens=14200
20260904-074714,NQU,FAULT_CONFIG_PATH,FAULT_EXPERIMENT_NAME,LD_PRELOAD,SUCCESS,queens=14200
20260904-074716,NQU,FAULT_CONFIG_PATH,FAULT_EXPERIMENT_NAME,LD_PRELOAD,SUCCESS,queens=14200
20260904-074718,NQU,FAULT_CONFIG_PATH,FAULT_EXPERIMENT_NAME,LD_PRELOAD,SUCCESS,queens=14200
20260904-074719,NQU,FAULT_CONFIG_PATH,FAULT_EXPERIMENT_NAME,LD_PRELOAD,SUCCESS,queens=14200
20260904-074721,NQU,FAULT_CONFIG_PATH,FAULT_EXPERIMENT_NAME,LD_PRELOAD,SUCCESS,queens=14200
20260904-074723,NQU,FAULT_CONFIG_PATH,FAULT_EXPERIMENT_NAME,LD_PRELOAD,SUCCESS,queens=14200
20260904-074725,NQU,FAULT_CONFIG_PATH,FAULT_EXPERIMENT_NAME,LD_PRELOAD,SUCCESS,queens=14200
20260904-074727,NQU,FAULT_CONFIG_PATH,FAULT_EXPERIMENT_NAME,LD_PRELOAD,SUCCESS,queens=14200
20260904-074729,NQU,FAULT_CONFIG_PATH,FAULT_EXPERIMENT_NAME,LD_PRELOAD,SUCCESS,queens=14200
20260904-074731,NQU,FAULT_CONFIG_PATH,FAULT_EXPERIMENT_NAME,LD_PRELOAD,SUCCESS,queens=14200
20260904-075640,NQU,FAULT_CONFIG_PATH,FAULT_EXPERIMENT_NAME,LD_PRELOAD,SUCCESS,queens=14200
20260904-075641,NQU,FAULT_CONFIG_PATH,FAULT_EXPERIMENT_NAME,LD_PRELOAD,SUCCESS,queens=14200
20260904-075643,NQU,FAULT_CONFIG_PATH,FAULT_EXPERIMENT_NAME,LD_PRELOAD,SUCCESS,queens=14200
20260904-075645,NQU,FAULT_CONFIG_PATH,FAULT_EXPERIMENT_NAME,LD_PRELOAD,SUCCESS,queens=14200
20260904-075646,NQU,FAULT_CONFIG_PATH,FAULT_EXPERIMENT_NAME,LD_PRELOAD,SUCCESS,queens=14200
20260904-075648,NQU,FAULT_CONFIG_PATH,FAULT_EXPERIMENT_NAME,LD_PRELOAD,SUCCESS,queens=14200
20260904-075649,NQU,FAULT_CONFIG_PATH,FAULT_EXPERIMENT_NAME,LD_PRELOAD,SUCCESS,queens=14200
20260904-075650,NQU,FAULT_CONFIG_PATH,FAULT_EXPERIMENT_NAME,LD_PRELOAD,SUCCESS,queens=14200
20260904-075652,NQU,FAULT_CONFIG_PATH,FAULT_EXPERIMENT_NAME,LD_PRELOAD,SUCCESS,queens=14200
20260904-075653,NQU,FAULT_CONFIG_PATH,FAULT_EXPERIMENT_NAME,LD_PRELOAD,SUCCESS,queens=14200
20260904-075654,NQU,FAULT_CONFIG_PATH,FAULT_EXPERIMENT_NAME,LD_PRELOAD,SUCCESS,queens=14200
20260904-075655,NQU,FAULT_CONFIG_PATH,FAULT_EXPERIMENT_NAME,LD_PRELOAD,SUCCESS,queens=14200
20260904-075657,NQU,FAULT_CONFIG_PATH,FAULT_EXPERIMENT_NAME,LD_PRELOAD,SUCCESS,queens=14200
20260904-075658,NQU,FAULT_CONFIG_PATH,FAULT_EXPERIMENT_NAME,LD_PRELOAD,SUCCESS,queens=14200
20260904-075659,NQU,FAULT_CONFIG_PATH,FAULT_EXPERIMENT_NAME,LD_PRELOAD,SUCCESS,queens=14200
20260904-075701,NQU,FAULT_CONFIG_PATH,FAULT_EXPERIMENT_NAME,LD_PRELOAD,SUCCESS,queens=14200
20260904-075702,NQU,FAULT_CONFIG_PATH,FAULT_EXPERIMENT_NAME,LD_PRELOAD,SUCCESS,queens=14200
20260904-075703,NQU,FAULT_CONFIG_PATH,FAULT_EXPERIMENT_NAME,LD_PRELOAD,SUCCESS,queens=14200
20260904-075705,NQU,FAULT_CONFIG_PATH,FAULT_EXPERIMENT_NAME,LD_PRELOAD,SUCCESS,queens=14200
20260904-075706,NQU,FAULT_CONFIG_PATH,FAULT_EXPERIMENT_NAME,LD_PRELOAD,SUCCESS,queens=14200
20260904-075707,NQU,FAULT_CONFIG_PATH,FAULT_EXPERIMENT_NAME,LD_PRELOAD,SUCCESS,queens=14200
20260904-075709,NQU,FAULT_CONFIG_PATH,FAULT_EXPERIMENT_NAME,LD_PRELOAD,SUCCESS,queens=14200
20260904-075710,NQU,FAULT_CONFIG_PATH,FAULT_EXPERIMENT_NAME,LD_PRELOAD,SUCCESS,queens=14200
20260904-075711,NQU,FAULT_CONFIG_PATH,FAULT_EXPERIMENT_NAME,LD_PRELOAD,SUCCESS,queens=14200
20260904-075712,NQU,FAULT_CONFIG_PATH,FAULT_EXPERIMENT_NAME,LD_PRELOAD,SUCCESS,queens=14200
20260904-075714,NQU,FAULT_CONFIG_PATH,FAULT_EXPERIMENT_NAME,LD_PRELOAD,SUCCESS,queens=14200
20260904-075715,NQU,FAULT_CONFIG_PATH,FAULT_EXPERIMENT_NAME,LD_PRELOAD,SUCCESS,queens=14200
20260904-075717,NQU,FAULT_CONFIG_PATH,FAULT_EXPERIMENT_NAME,LD_PRELOAD,SUCCESS,queens=14200
20260904-075718,NQU,FAULT_CONFIG_PATH,FAULT_EXPERIMENT_NAME,LD_PRELOAD,SUCCESS,queens=14200
20260904-075719,NQU,FAULT_CONFIG_PATH,FAULT_EXPERIMENT_NAME,LD_PRELOAD,SUCCESS,queens=14200
20260904-075721,NQU,FAULT_CONFIG_PATH,FAULT_EXPERIMENT_NAME,LD_PRELOAD,SUCCESS,queens=14200
20260904-075722,NQU,FAULT_CONFIG_PATH,FAULT_EXPERIMENT_NAME,LD_PRELOAD,SUCCESS,queens=14200
20260904-075724,NQU,FAULT_CONFIG_PATH,FAULT_EXPERIMENT_NAME,LD_PRELOAD,SUCCESS,queens=14200
20260904-075726,NQU,FAULT_CONFIG_PATH,FAULT_EXPERIMENT_NAME,LD_PRELOAD,SUCCESS,queens=14200
20260904-075728,NQU,FAULT_CONFIG_PATH,FAULT_EXPERIMENT_NAME,LD_PRELOAD,SUCCESS,queens=14200
20260904-075729,NQU,FAULT_CONFIG_PATH,FAULT_EXPERIMENT_NAME,LD_PRELOAD,SUCCESS,queens=14200
20260904-075731,NQU,FAULT_CONFIG_PATH,FAULT_EXPERIMENT_NAME,LD_PRELOAD,SUCCESS,queens=14200
20260904-075732,NQU,FAULT_CONFIG_PATH,FAULT_EXPERIMENT_NAME,LD_PRELOAD,SUCCESS,queens=14200
20260904-075734,NQU,FAULT_CONFIG_PATH,FAULT_EXPERIMENT_NAME,LD_PRELOAD,SUCCESS,queens=14200
20260904-075735,NQU,FAULT_CONFIG_PATH,FAULT_EXPERIMENT_NAME,LD_PRELOAD,SUCCESS,queens=14200
20260904-075737,NQU,FAULT_CONFIG_PATH,FAULT_EXPERIMENT_NAME,LD_PRELOAD,SUCCESS,queens=14200
20260904-075739,NQU,FAULT_CONFIG_PATH,FAULT_EXPERIMENT_NAME,LD_PRELOAD,SUCCESS,queens=14200
20260904-075741,NQU,FAULT_CONFIG_PATH,FAULT_EXPERIMENT_NAME,LD_PRELOAD,SUCCESS,queens=14200
20260904-075743,NQU,FAULT_CONFIG_PATH,FAULT_EXPERIMENT_NAME,LD_PRELOAD,SUCCESS,queens=14200
20260904-075745,NQU,FAULT_CONFIG_PATH,FAULT_EXPERIMENT_NAME,LD_PRELOAD,SUCCESS,queens=14200
20260904-075746,NQU,FAULT_CONFIG_PATH,FAULT_EXPERIMENT_NAME,LD_PRELOAD,SUCCESS,queens=14200
20260904-075748,NQU,FAULT_CONFIG_PATH,FAULT_EXPERIMENT_NAME,LD_PRELOAD,SUCCESS,queens=14200
20260904-075750,NQU,FAULT_CONFIG_PATH,FAULT_EXPERIMENT_NAME,LD_PRELOAD,SUCCESS,queens=14200
20260904-075752,NQU,FAULT_CONFIG_PATH,FAULT_EXPERIMENT_NAME,LD_PRELOAD,SUCCESS,queens=14200
20260904-075754,NQU,FAULT_CONFIG_PATH,FAULT_EXPERIMENT_NAME,LD_PRELOAD,SUCCESS,queens=14200
20260904-075755,NQU,FAULT_CONFIG_PATH,FAULT_EXPERIMENT_NAME,LD_PRELOAD,SUCCESS,queens=14200
20260904-075757,NQU,FAULT_CONFIG_PATH,FAULT_EXPERIMENT_NAME,LD_PRELOAD,SUCCESS,queens=14200
20260904-075759,NQU,FAULT_CONFIG_PATH,FAULT_EXPERIMENT_NAME,LD_PRELOAD,SUCCESS,queens=14200
20260904-075801,NQU,FAULT_CONFIG_PATH,FAULT_EXPERIMENT_NAME,LD_PRELOAD,SUCCESS,queens=14200
20260904-075805,NQU,FAULT_CONFIG_PATH,FAULT_EXPERIMENT_NAME,LD_PRELOAD,SUCCESS,queens=14200
20260904-075806,NQU,FAULT_CONFIG_PATH,FAULT_EXPERIMENT_NAME,LD_PRELOAD,SUCCESS,queens=14200
20260904-075808,NQU,FAULT_CONFIG_PATH,FAULT_EXPERIMENT_NAME,LD_PRELOAD,SUCCESS,queens=14200
20260904-075810,NQU,FAULT_CONFIG_PATH,FAULT_EXPERIMENT_NAME,LD_PRELOAD,SUCCESS,queens=14200
20260904-075812,NQU,FAULT_CONFIG_PATH,FAULT_EXPERIMENT_NAME,LD_PRELOAD,SUCCESS,queens=14200
20260904-075814,NQU,FAULT_CONFIG_PATH,FAULT_EXPERIMENT_NAME,LD_PRELOAD,SUCCESS,queens=14200
20260904-075815,NQU,FAULT_CONFIG_PATH,FAULT_EXPERIMENT_NAME,LD_PRELOAD,SUCCESS,queens=14200
20260904-075817,NQU,FAULT_CONFIG_PATH,FAULT_EXPERIMENT_NAME,LD_PRELOAD,SUCCESS,queens=14200
20260904-075818,NQU,FAULT_CONFIG_PATH,FAULT_EXPERIMENT_NAME,LD_PRELOAD,SUCCESS,queens=14200
20260904-075820,NQU,FAULT_CONFIG_PATH,FAULT_EXPERIMENT_NAME,LD_PRELOAD,SUCCESS,queens=14200
20260904-075822,NQU,FAULT_CONFIG_PATH,FAULT_EXPERIMENT_NAME,LD_PRELOAD,SUCCESS,queens=14200
20260904-075824,NQU,FAULT_CONFIG_PATH,FAULT_EXPERIMENT_NAME,LD_PRELOAD,SUCCESS,queens=14200
20260904-075826,NQU,FAULT_CONFIG_PATH,FAULT_EXPERIMENT_NAME,LD_PRELOAD,SUCCESS,queens=14200
20260904-075827,NQU,FAULT_CONFIG_PATH,FAULT_EXPERIMENT_NAME,LD_PRELOAD,SUCCESS,queens=14200
20260904-075829,NQU,FAULT_CONFIG_PATH,FAULT_EXPERIMENT_NAME,LD_PRELOAD,SUCCESS,queens=14200
20260904-075831,NQU,FAULT_CONFIG_PATH,FAULT_EXPERIMENT_NAME,LD_PRELOAD,SUCCESS,queens=14200
20260904-075832,NQU,FAULT_CONFIG_PATH,FAULT_EXPERIMENT_NAME,LD_PRELOAD,SUCCESS,queens=14200
20260904-075834,NQU,FAULT_CONFIG_PATH,FAULT_EXPERIMENT_NAME,LD_PRELOAD,SUCCESS,queens=14200
20260904-075836,NQU,FAULT_CONFIG_PATH,FAULT_EXPERIMENT_NAME,LD_PRELOAD,SUCCESS,queens=14200
20260904-075837,NQU,FAULT_CONFIG_PATH,FAULT_EXPERIMENT_NAME,LD_PRELOAD,SUCCESS,queens=14200
20260904-075839,NQU,FAULT_CONFIG_PATH,FAULT_EXPERIMENT_NAME,LD_PRELOAD,SUCCESS,queens=14200
20260904-075840,NQU,FAULT_CONFIG_PATH,FAULT_EXPERIMENT_NAME,LD_PRELOAD,SUCCESS,queens=14200
20260904-075842,NQU,FAULT_CONFIG_PATH,FAULT_EXPERIMENT_NAME,LD_PRELOAD,SUCCESS,queens=14200
20260904-075843,NQU,FAULT_CONFIG_PATH,FAULT_EXPERIMENT_NAME,LD_PRELOAD,SUCCESS,queens=14200
20260904-075845,NQU,FAULT_CONFIG_PATH,FAULT_EXPERIMENT_NAME,LD_PRELOAD,SUCCESS,queens=14200
20260904-075846,NQU,FAULT_CONFIG_PATH,FAULT_EXPERIMENT_NAME,LD_PRELOAD,SUCCESS,queens=14200
20260904-075848,NQU,FAULT_CONFIG_PATH,FAULT_EXPERIMENT_NAME,LD_PRELOAD,SUCCESS,queens=14200
20260904-075850,NQU,FAULT_CONFIG_PATH,FAULT_EXPERIMENT_NAME,LD_PRELOAD,SUCCESS,queens=14200
20260904-075851,NQU,FAULT_CONFIG_PATH,FAULT_EXPERIMENT_NAME,LD_PRELOAD,SUCCESS,queens=14200
20260904-075853,NQU,FAULT_CONFIG_PATH,FAULT_EXPERIMENT_NAME,LD_PRELOAD,SUCCESS,queens=14200
20260904-075855,NQU,FAULT_CONFIG_PATH,FAULT_EXPERIMENT_NAME,LD_PRELOAD,SUCCESS,queens=14200
20260904-075856,NQU,FAULT_CONFIG_PATH,FAULT_EXPERIMENT_NAME,LD_PRELOAD,SUCCESS,queens=14200
20260904-075857,NQU,FAULT_CONFIG_PATH,FAULT_EXPERIMENT_NAME,LD_PRELOAD,SUCCESS,queens=14200
20260904-075859,NQU,FAULT_CONFIG_PATH,FAULT_EXPERIMENT_NAME,LD_PRELOAD,SUCCESS,queens=14200
20260904-075900,NQU,FAULT_CONFIG_PATH,FAULT_EXPERIMENT_NAME,LD_PRELOAD,SUCCESS,queens=14200
20260904-075902,NQU,FAULT_CONFIG_PATH,FAULT_EXPERIMENT_NAME,LD_PRELOAD,SUCCESS,queens=14200
20260904-075903,NQU,FAULT_CONFIG_PATH,FAULT_EXPERIMENT_NAME,LD_PRELOAD,SUCCESS,queens=14200
20260904-075905,NQU,FAULT_CONFIG_PATH,FAULT_EXPERIMENT_NAME,LD_PRELOAD,SUCCESS,queens=14200
20260904-075906,NQU,FAULT_CONFIG_PATH,FAULT_EXPERIMENT_NAME,LD_PRELOAD,SUCCESS,queens=14200
20260904-075908,NQU,FAULT_CONFIG_PATH,FAULT_EXPERIMENT_NAME,LD_PRELOAD,SUCCESS,queens=14200
20260904-075910,NQU,FAULT_CONFIG_PATH,FAULT_EXPERIMENT_NAME,LD_PRELOAD,SUCCESS,queens=14200
20260904-075911,NQU,FAULT_CONFIG_PATH,FAULT_EXPERIMENT_NAME,LD_PRELOAD,SUCCESS,queens=14200
20260904-075913,NQU,FAULT_CONFIG_PATH,FAULT_EXPERIMENT_NAME,LD_PRELOAD,SUCCESS,queens=14200
20260904-075914,NQU,FAULT_CONFIG_PATH,FAULT_EXPERIMENT_NAME,LD_PRELOAD,SUCCESS,queens=14200
20260904-075916,NQU,FAULT_CONFIG_PATH,FAULT_EXPERIMENT_NAME,LD_PRELOAD,SUCCESS,queens=14200
20260904-075918,NQU,FAULT_CONFIG_PATH,FAULT_EXPERIMENT_NAME,LD_PRELOAD,SUCCESS,queens=14200
20260904-075920,NQU,FAULT_CONFIG_PATH,FAULT_EXPERIMENT_NAME,LD_PRELOAD,SUCCESS,queens=14200
20260904-075921,NQU,FAULT_CONFIG_PATH,FAULT_EXPERIMENT_NAME,LD_PRELOAD,SUCCESS,queens=14200
20260904-075923,NQU,FAULT_CONFIG_PATH,FAULT_EXPERIMENT_NAME,LD_PRELOAD,SUCCESS,queens=14200
20260904-075924,NQU,FAULT_CONFIG_PATH,FAULT_EXPERIMENT_NAME,LD_PRELOAD,SUCCESS,queens=14200
20260904-075926,NQU,FAULT_CONFIG_PATH,FAULT_EXPERIMENT_NAME,LD_PRELOAD,SUCCESS,queens=14200
20260904-075928,NQU,FAULT_CONFIG_PATH,FAULT_EXPERIMENT_NAME,LD_PRELOAD,SUCCESS,queens=14200
20260904-075930,NQU,FAULT_CONFIG_PATH,FAULT_EXPERIMENT_NAME,LD_PRELOAD,SUCCESS,queens=14200
20260904-075931,NQU,FAULT_CONFIG_PATH,FAULT_EXPERIMENT_NAME,LD_PRELOAD,SUCCESS,queens=14200
20260904-075933,NQU,FAULT_CONFIG_PATH,FAULT_EXPERIMENT_NAME,LD_PRELOAD,SUCCESS,queens=14200
20260904-075935,NQU,FAULT_CONFIG_PATH,FAULT_EXPERIMENT_NAME,LD_PRELOAD,SUCCESS,queens=14200
20260904-075936,NQU,FAULT_CONFIG_PATH,FAULT_EXPERIMENT_NAME,LD_PRELOAD,SUCCESS,queens=14200
20260904-075938,NQU,FAULT_CONFIG_PATH,FAULT_EXPERIMENT_NAME,LD_PRELOAD,SUCCESS,queens=14200
20260904-075939,NQU,FAULT_CONFIG_PATH,FAULT_EXPERIMENT_NAME,LD_PRELOAD,SUCCESS,queens=14200
20260904-075941,NQU,FAULT_CONFIG_PATH,FAULT_EXPERIMENT_NAME,LD_PRELOAD,SUCCESS,queens=14200
20260904-075942,NQU,FAULT_CONFIG_PATH,FAULT_EXPERIMENT_NAME,LD_PRELOAD,SUCCESS,queens=14200
20260904-075944,NQU,FAULT_CONFIG_PATH,FAULT_EXPERIMENT_NAME,LD_PRELOAD,SUCCESS,queens=14200
20260904-075945,NQU,FAULT_CONFIG_PATH,FAULT_EXPERIMENT_NAME,LD_PRELOAD,SUCCESS,queens=14200
20260904-075947,NQU,FAULT_CONFIG_PATH,FAULT_EXPERIMENT_NAME,LD_PRELOAD,SUCCESS,queens=14200
20260904-075949,NQU,FAULT_CONFIG_PATH,FAULT_EXPERIMENT_NAME,LD_PRELOAD,SUCCESS,queens=14200
20260904-075950,NQU,FAULT_CONFIG_PATH,FAULT_EXPERIMENT_NAME,LD_PRELOAD,SUCCESS,queens=14200
20260904-075952,NQU,FAULT_CONFIG_PATH,FAULT_EXPERIMENT_NAME,LD_PRELOAD,SUCCESS,queens=14200
20260904-075953,NQU,FAULT_CONFIG_PATH,FAULT_EXPERIMENT_NAME,LD_PRELOAD,SUCCESS,queens=14200
20260904-075955,NQU,FAULT_CONFIG_PATH,FAULT_EXPERIMENT_NAME,LD_PRELOAD,SUCCESS,queens=14200
20260904-075956,NQU,FAULT_CONFIG_PATH,FAULT_EXPERIMENT_NAME,LD_PRELOAD,SUCCESS,queens=14200
20260904-075958,NQU,FAULT_CONFIG_PATH,FAULT_EXPERIMENT_NAME,LD_PRELOAD,SUCCESS,queens=14200
20260904-080000,NQU,FAULT_CONFIG_PATH,FAULT_EXPERIMENT_NAME,LD_PRELOAD,SUCCESS,queens=14200
20260904-080002,NQU,FAULT_CONFIG_PATH,FAULT_EXPERIMENT_NAME,LD_PRELOAD,SUCCESS,queens=14200
20260904-080003,NQU,FAULT_CONFIG_PATH,FAULT_EXPERIMENT_NAME,LD_PRELOAD,SUCCESS,queens=14200
20260904-080005,NQU,FAULT_CONFIG_PATH,FAULT_EXPERIMENT_NAME,LD_PRELOAD,SUCCESS,queens=14200
20260904-080006,NQU,FAULT_CONFIG_PATH,FAULT_EXPERIMENT_NAME,LD_PRELOAD,SUCCESS,queens=14200
20260904-080008,NQU,FAULT_CONFIG_PATH,FAULT_EXPERIMENT_NAME,LD_PRELOAD,SUCCESS,queens=14200
20260904-080010,NQU,FAULT_CONFIG_PATH,FAULT_EXPERIMENT_NAME,LD_PRELOAD,SUCCESS,queens=14200
20260904-080011,NQU,FAULT_CONFIG_PATH,FAULT_EXPERIMENT_NAME,LD_PRELOAD,SUCCESS,queens=14200
20260904-080013,NQU,FAULT_CONFIG_PATH,FAULT_EXPERIMENT_NAME,LD_PRELOAD,SUCCESS,queens=14200
20260904-080014,NQU,FAULT_CONFIG_PATH,FAULT_EXPERIMENT_NAME,LD_PRELOAD,SUCCESS,queens=14200
20260904-080016,NQU,FAULT_CONFIG_PATH,FAULT_EXPERIMENT_NAME,LD_PRELOAD,SUCCESS,queens=14200
20260904-080017,NQU,FAULT_CONFIG_PATH,FAULT_EXPERIMENT_NAME,LD_PRELOAD,SUCCESS,queens=14200
20260904-080019,NQU,FAULT_CONFIG_PATH,FAULT_EXPERIMENT_NAME,LD_PRELOAD,SUCCESS,queens=14200
20260904-080021,NQU,FAULT_CONFIG_PATH,FAULT_EXPERIMENT_NAME,LD_PRELOAD,SUCCESS,queens=14200
20260904-080022,NQU,FAULT_CONFIG_PATH,FAULT_EXPERIMENT_NAME,LD_PRELOAD,SUCCESS,queens=14200
20260904-080023,NQU,FAULT_CONFIG_PATH,FAULT_EXPERIMENT_NAME,LD_PRELOAD,SUCCESS,queens=14200
20260904-080025,NQU,FAULT_CONFIG_PATH,FAULT_EXPERIMENT_NAME,LD_PRELOAD,SUCCESS,queens=14200
20260904-080027,NQU,FAULT_CONFIG_PATH,FAULT_EXPERIMENT_NAME,LD_PRELOAD,SUCCESS,queens=14200
20260904-080028,NQU,FAULT_CONFIG_PATH,FAULT_EXPERIMENT_NAME,LD_PRELOAD,SUCCESS,queens=14200
20260904-080030,NQU,FAULT_CONFIG_PATH,FAULT_EXPERIMENT_NAME,LD_PRELOAD,SUCCESS,queens=14200
20260904-080032,NQU,FAULT_CONFIG_PATH,FAULT_EXPERIMENT_NAME,LD_PRELOAD,SUCCESS,queens=14200
20260904-080034,NQU,FAULT_CONFIG_PATH,FAULT_EXPERIMENT_NAME,LD_PRELOAD,SUCCESS,queens=14200
20260904-080036,NQU,FAULT_CONFIG_PATH,FAULT_EXPERIMENT_NAME,LD_PRELOAD,SUCCESS,queens=14200
20260904-080037,NQU,FAULT_CONFIG_PATH,FAULT_EXPERIMENT_NAME,LD_PRELOAD,SUCCESS,queens=14200
20260904-080039,NQU,FAULT_CONFIG_PATH,FAULT_EXPERIMENT_NAME,LD_PRELOAD,SUCCESS,queens=14200
20260904-080041,NQU,FAULT_CONFIG_PATH,FAULT_EXPERIMENT_NAME,LD_PRELOAD,SUCCESS,queens=14200
20260904-080043,NQU,FAULT_CONFIG_PATH,FAULT_EXPERIMENT_NAME,LD_PRELOAD,SUCCESS,queens=14200
20260904-080045,NQU,FAULT_CONFIG_PATH,FAULT_EXPERIMENT_NAME,LD_PRELOAD,SUCCESS,queens=14200
20260904-080047,NQU,FAULT_CONFIG_PATH,FAULT_EXPERIMENT_NAME,LD_PRELOAD,SUCCESS,queens=14200
20260904-080048,NQU,FAULT_CONFIG_PATH,FAULT_EXPERIMENT_NAME,LD_PRELOAD,SUCCESS,queens=14200
20260904-080050,NQU,FAULT_CONFIG_PATH,FAULT_EXPERIMENT_NAME,LD_PRELOAD,SUCCESS,queens=14200
20260904-080052,NQU,FAULT_CONFIG_PATH,FAULT_EXPERIMENT_NAME,LD_PRELOAD,SUCCESS,queens=14200
20260904-080053,NQU,FAULT_CONFIG_PATH,FAULT_EXPERIMENT_NAME,LD_PRELOAD,SUCCESS,queens=14200
20260904-080055,NQU,FAULT_CONFIG_PATH,FAULT_EXPERIMENT_NAME,LD_PRELOAD,SUCCESS,queens=14200
20260904-080056,NQU,FAULT_CONFIG_PATH,FAULT_EXPERIMENT_NAME,LD_PRELOAD,SUCCESS,queens=14200
20260904-080058,NQU,FAULT_CONFIG_PATH,FAULT_EXPERIMENT_NAME,LD_PRELOAD,SUCCESS,queens=14200
20260904-080059,NQU,FAULT_CONFIG_PATH,FAULT_EXPERIMENT_NAME,LD_PRELOAD,SUCCESS,queens=14200
20260904-080101,NQU,FAULT_CONFIG_PATH,FAULT_EXPERIMENT_NAME,LD_PRELOAD,SUCCESS,queens=14200
20260904-080103,NQU,FAULT_CONFIG_PATH,FAULT_EXPERIMENT_NAME,LD_PRELOAD,SUCCESS,queens=14200
20260904-080104,NQU,FAULT_CONFIG_PATH,FAULT_EXPERIMENT_NAME,LD_PRELOAD,SUCCESS,queens=14200
20260904-080106,NQU,FAULT_CONFIG_PATH,FAULT_EXPERIMENT_NAME,LD_PRELOAD,SUCCESS,queens=14200
20260904-080107,NQU,FAULT_CONFIG_PATH,FAULT_EXPERIMENT_NAME,LD_PRELOAD,SUCCESS,queens=14200
20260904-080109,NQU,FAULT_CONFIG_PATH,FAULT_EXPERIMENT_NAME,LD_PRELOAD,SUCCESS,queens=14200
20260904-080111,NQU,FAULT_CONFIG_PATH,FAULT_EXPERIMENT_NAME,LD_PRELOAD,SUCCESS,queens=14200
20260904-080112,NQU,FAULT_CONFIG_PATH,FAULT_EXPERIMENT_NAME,LD_PRELOAD,SUCCESS,queens=14200
20260904-080114,NQU,FAULT_CONFIG_PATH,FAULT_EXPERIMENT_NAME,LD_PRELOAD,SUCCESS,queens=14200
20260904-080116,NQU,FAULT_CONFIG_PATH,FAULT_EXPERIMENT_NAME,LD_PRELOAD,SUCCESS,queens=14200
20260904-080117,NQU,FAULT_CONFIG_PATH,FAULT_EXPERIMENT_NAME,LD_PRELOAD,SUCCESS,queens=14200
20260904-080119,NQU,FAULT_CONFIG_PATH,FAULT_EXPERIMENT_NAME,LD_PRELOAD,SUCCESS,queens=14200
20260904-080121,NQU,FAULT_CONFIG_PATH,FAULT_EXPERIMENT_NAME,LD_PRELOAD,SUCCESS,queens=14200
20260904-080123,NQU,FAULT_CONFIG_PATH,FAULT_EXPERIMENT_NAME,LD_PRELOAD,SUCCESS,queens=14200
20260904-080125,NQU,FAULT_CONFIG_PATH,FAULT_EXPERIMENT_NAME,LD_PRELOAD,SUCCESS,queens=14200
20260904-080127,NQU,FAULT_CONFIG_PATH,FAULT_EXPERIMENT_NAME,LD_PRELOAD,SUCCESS,queens=14200
20260904-080129,NQU,FAULT_CONFIG_PATH,FAULT_EXPERIMENT_NAME,LD_PRELOAD,SUCCESS,queens=14200
20260904-080131,NQU,FAULT_CONFIG_PATH,FAULT_EXPERIMENT_NAME,LD_PRELOAD,SUCCESS,queens=14200
20260904-080132,NQU,FAULT_CONFIG_PATH,FAULT_EXPERIMENT_NAME,LD_PRELOAD,SUCCESS,queens=14200
20260904-080134,NQU,FAULT_CONFIG_PATH,FAULT_EXPERIMENT_NAME,LD_PRELOAD,SUCCESS,queens=14200
20260904-080135,NQU,FAULT_CONFIG_PATH,FAULT_EXPERIMENT_NAME,LD_PRELOAD,SUCCESS,queens=14200
20260904-080137,NQU,FAULT_CONFIG_PATH,FAULT_EXPERIMENT_NAME,LD_PRELOAD,SUCCESS,queens=14200
20260904-080139,NQU,FAULT_CONFIG_PATH,FAULT_EXPERIMENT_NAME,LD_PRELOAD,SUCCESS,queens=14200
20260904-080140,NQU,FAULT_CONFIG_PATH,FAULT_EXPERIMENT_NAME,LD_PRELOAD,SUCCESS,queens=14200
20260904-080142,NQU,FAULT_CONFIG_PATH,FAULT_EXPERIMENT_NAME,LD_PRELOAD,SUCCESS,queens=14200
20260904-080143,NQU,FAULT_CONFIG_PATH,FAULT_EXPERIMENT_NAME,LD_PRELOAD,SUCCESS,queens=14200
20260904-080145,NQU,FAULT_CONFIG_PATH,FAULT_EXPERIMENT_NAME,LD_PRELOAD,SUCCESS,queens=14200
20260904-080146,NQU,FAULT_CONFIG_PATH,FAULT_EXPERIMENT_NAME,LD_PRELOAD,SUCCESS,queens=14200
20260904-080148,NQU,FAULT_CONFIG_PATH,FAULT_EXPERIMENT_NAME,LD_PRELOAD,SUCCESS,queens=14200
20260904-080149,NQU,FAULT_CONFIG_PATH,FAULT_EXPERIMENT_NAME,LD_PRELOAD,SUCCESS,queens=14200
20260904-080151,NQU,FAULT_CONFIG_PATH,FAULT_EXPERIMENT_NAME,LD_PRELOAD,SUCCESS,queens=14200
20260904-080152,NQU,FAULT_CONFIG_PATH,FAULT_EXPERIMENT_NAME,LD_PRELOAD,SUCCESS,queens=14200
20260904-080154,NQU,FAULT_CONFIG_PATH,FAULT_EXPERIMENT_NAME,LD_PRELOAD,SUCCESS,queens=14200
20260904-080155,NQU,FAULT_CONFIG_PATH,FAULT_EXPERIMENT_NAME,LD_PRELOAD,SUCCESS,queens=14200
20260904-080157,NQU,FAULT_CONFIG_PATH,FAULT_EXPERIMENT_NAME,LD_PRELOAD,SUCCESS,queens=14200
20260904-080159,NQU,FAULT_CONFIG_PATH,FAULT_EXPERIMENT_NAME,LD_PRELOAD,SUCCESS,queens=14200
20260904-080200,NQU,FAULT_CONFIG_PATH,FAULT_EXPERIMENT_NAME,LD_PRELOAD,SUCCESS,queens=14200
20260904-080202,NQU,FAULT_CONFIG_PATH,FAULT_EXPERIMENT_NAME,LD_PRELOAD,SUCCESS,queens=14200
20260904-080203,NQU,FAULT_CONFIG_PATH,FAULT_EXPERIMENT_NAME,LD_PRELOAD,SUCCESS,queens=14200
20260904-080205,NQU,FAULT_CONFIG_PATH,FAULT_EXPERIMENT_NAME,LD_PRELOAD,SUCCESS,queens=14200
20260904-080206,NQU,FAULT_CONFIG_PATH,FAULT_EXPERIMENT_NAME,LD_PRELOAD,SUCCESS,queens=14200
20260904-080208,NQU,FAULT_CONFIG_PATH,FAULT_EXPERIMENT_NAME,LD_PRELOAD,SUCCESS,queens=14200
20260904-080209,NQU,FAULT_CONFIG_PATH,FAULT_EXPERIMENT_NAME,LD_PRELOAD,SUCCESS,queens=14200
20260904-080211,NQU,FAULT_CONFIG_PATH,FAULT_EXPERIMENT_NAME,LD_PRELOAD,SUCCESS,queens=14200
20260904-080212,NQU,FAULT_CONFIG_PATH,FAULT_EXPERIMENT_NAME,LD_PRELOAD,SUCCESS,queens=14200
20260904-080213,NQU,FAULT_CONFIG_PATH,FAULT_EXPERIMENT_NAME,LD_PRELOAD,SUCCESS,queens=14200
20260904-080215,NQU,FAULT_CONFIG_PATH,FAULT_EXPERIMENT_NAME,LD_PRELOAD,SUCCESS,queens=14200
20260904-080217,NQU,FAULT_CONFIG_PATH,FAULT_EXPERIMENT_NAME,LD_PRELOAD,SUCCESS,queens=14200
20260904-080218,NQU,FAULT_CONFIG_PATH,FAULT_EXPERIMENT_NAME,LD_PRELOAD,SUCCESS,queens=14200
20260904-080220,NQU,FAULT_CONFIG_PATH,FAULT_EXPERIMENT_NAME,LD_PRELOAD,SUCCESS,queens=14200
20260904-080221,NQU,FAULT_CONFIG_PATH,FAULT_EXPERIMENT_NAME,LD_PRELOAD,SUCCESS,queens=14200
20260904-080223,NQU,FAULT_CONFIG_PATH,FAULT_EXPERIMENT_NAME,LD_PRELOAD,SUCCESS,queens=14200
20260904-080225,NQU,FAULT_CONFIG_PATH,FAULT_EXPERIMENT_NAME,LD_PRELOAD,SUCCESS,queens=14200
20260904-080226,NQU,FAULT_CONFIG_PATH,FAULT_EXPERIMENT_NAME,LD_PRELOAD,SUCCESS,queens=14200
20260904-080228,NQU,FAULT_CONFIG_PATH,FAULT_EXPERIMENT_NAME,LD_PRELOAD,SUCCESS,queens=14200
20260904-080230,NQU,FAULT_CONFIG_PATH,FAULT_EXPERIMENT_NAME,LD_PRELOAD,SUCCESS,queens=14200
20260904-080232,NQU,FAULT_CONFIG_PATH,FAULT_EXPERIMENT_NAME,LD_PRELOAD,SUCCESS,queens=14200
20260904-080233,NQU,FAULT_CONFIG_PATH,FAULT_EXPERIMENT_NAME,LD_PRELOAD,SUCCESS,queens=14200
20260904-080235,NQU,FAULT_CONFIG_PATH,FAULT_EXPERIMENT_NAME,LD_PRELOAD,SUCCESS,queens=14200
20260904-080237,NQU,FAULT_CONFIG_PATH,FAULT_EXPERIMENT_NAME,LD_PRELOAD,SUCCESS,queens=14200
20260904-080239,NQU,FAULT_CONFIG_PATH,FAULT_EXPERIMENT_NAME,LD_PRELOAD,SUCCESS,queens=14200
20260904-080240,NQU,FAULT_CONFIG_PATH,FAULT_EXPERIMENT_NAME,LD_PRELOAD,SUCCESS,queens=14200
20260904-080241,NQU,FAULT_CONFIG_PATH,FAULT_EXPERIMENT_NAME,LD_PRELOAD,SUCCESS,queens=14200
20260904-080243,NQU,FAULT_CONFIG_PATH,FAULT_EXPERIMENT_NAME,LD_PRELOAD,SUCCESS,queens=14200
20260904-080245,NQU,FAULT_CONFIG_PATH,FAULT_EXPERIMENT_NAME,LD_PRELOAD,SUCCESS,queens=14200
20260904-080246,NQU,FAULT_CONFIG_PATH,FAULT_EXPERIMENT_NAME,LD_PRELOAD,SUCCESS,queens=14200
20260904-080248,NQU,FAULT_CONFIG_PATH,FAULT_EXPERIMENT_NAME,LD_PRELOAD,SUCCESS,queens=14200
20260904-080250,NQU,FAULT_CONFIG_PATH,FAULT_EXPERIMENT_NAME,LD_PRELOAD,SUCCESS,queens=14200
20260904-080252,NQU,FAULT_CONFIG_PATH,FAULT_EXPERIMENT_NAME,LD_PRELOAD,SUCCESS,queens=14200
20260904-080253,NQU,FAULT_CONFIG_PATH,FAULT_EXPERIMENT_NAME,LD_PRELOAD,SUCCESS,queens=14200
20260904-080255,NQU,FAULT_CONFIG_PATH,FAULT_EXPERIMENT_NAME,LD_PRELOAD,SUCCESS,queens=14200
20260904-080256,NQU,FAULT_CONFIG_PATH,FAULT_EXPERIMENT_NAME,LD_PRELOAD,SUCCESS,queens=14200
20260904-080258,NQU,FAULT_CONFIG_PATH,FAULT_EXPERIMENT_NAME,LD_PRELOAD,SUCCESS,queens=14200
20260904-080259,NQU,FAULT_CONFIG_PATH,FAULT_EXPERIMENT_NAME,LD_PRELOAD,SUCCESS,queens=14200
20260904-080301,NQU,FAULT_CONFIG_PATH,FAULT_EXPERIMENT_NAME,LD_PRELOAD,SUCCESS,queens=14200
20260904-080303,NQU,FAULT_CONFIG_PATH,FAULT_EXPERIMENT_NAME,LD_PRELOAD,SUCCESS,queens=14200
20260904-080304,NQU,FAULT_CONFIG_PATH,FAULT_EXPERIMENT_NAME,LD_PRELOAD,SUCCESS,queens=14200
20260904-080305,NQU,FAULT_CONFIG_PATH,FAULT_EXPERIMENT_NAME,LD_PRELOAD,SUCCESS,queens=14200
20260904-080307,NQU,FAULT_CONFIG_PATH,FAULT_EXPERIMENT_NAME,LD_PRELOAD,SUCCESS,queens=14200
20260904-080308,NQU,FAULT_CONFIG_PATH,FAULT_EXPERIMENT_NAME,LD_PRELOAD,SUCCESS,queens=14200
20260904-080310,NQU,FAULT_CONFIG_PATH,FAULT_EXPERIMENT_NAME,LD_PRELOAD,SUCCESS,queens=14200
20260904-080311,NQU,FAULT_CONFIG_PATH,FAULT_EXPERIMENT_NAME,LD_PRELOAD,SUCCESS,queens=14200
20260904-080313,NQU,FAULT_CONFIG_PATH,FAULT_EXPERIMENT_NAME,LD_PRELOAD,SUCCESS,queens=14200
20260904-080314,NQU,FAULT_CONFIG_PATH,FAULT_EXPERIMENT_NAME,LD_PRELOAD,SUCCESS,queens=14200
20260904-080315,NQU,FAULT_CONFIG_PATH,FAULT_EXPERIMENT_NAME,LD_PRELOAD,SUCCESS,queens=14200
20260904-080317,NQU,FAULT_CONFIG_PATH,FAULT_EXPERIMENT_NAME,LD_PRELOAD,SUCCESS,queens=14200
20260904-080318,NQU,FAULT_CONFIG_PATH,FAULT_EXPERIMENT_NAME,LD_PRELOAD,SUCCESS,queens=14200
20260904-080320,NQU,FAULT_CONFIG_PATH,FAULT_EXPERIMENT_NAME,LD_PRELOAD,SUCCESS,queens=14200
20260904-080321,NQU,FAULT_CONFIG_PATH,FAULT_EXPERIMENT_NAME,LD_PRELOAD,SUCCESS,queens=14200
20260904-080323,NQU,FAULT_CONFIG_PATH,FAULT_EXPERIMENT_NAME,LD_PRELOAD,SUCCESS,queens=14200
20260904-080324,NQU,FAULT_CONFIG_PATH,FAULT_EXPERIMENT_NAME,LD_PRELOAD,SUCCESS,queens=14200
20260904-080325,NQU,FAULT_CONFIG_PATH,FAULT_EXPERIMENT_NAME,LD_PRELOAD,SUCCESS,queens=14200
20260904-080327,NQU,FAULT_CONFIG_PATH,FAULT_EXPERIMENT_NAME,LD_PRELOAD,SUCCESS,queens=14200
20260904-080329,NQU,FAULT_CONFIG_PATH,FAULT_EXPERIMENT_NAME,LD_PRELOAD,SUCCESS,queens=14200
20260904-080330,NQU,FAULT_CONFIG_PATH,FAULT_EXPERIMENT_NAME,LD_PRELOAD,SUCCESS,queens=14200
20260904-080332,NQU,FAULT_CONFIG_PATH,FAULT_EXPERIMENT_NAME,LD_PRELOAD,SUCCESS,queens=14200
20260904-080334,NQU,FAULT_CONFIG_PATH,FAULT_EXPERIMENT_NAME,LD_PRELOAD,SUCCESS,queens=14200
20260904-080336,NQU,FAULT_CONFIG_PATH,FAULT_EXPERIMENT_NAME,LD_PRELOAD,SUCCESS,queens=14200
20260904-080337,NQU,FAULT_CONFIG_PATH,FAULT_EXPERIMENT_NAME,LD_PRELOAD,SUCCESS,queens=14200
20260904-080338,NQU,FAULT_CONFIG_PATH,FAULT_EXPERIMENT_NAME,LD_PRELOAD,SUCCESS,queens=14200
20260904-080340,NQU,FAULT_CONFIG_PATH,FAULT_EXPERIMENT_NAME,LD_PRELOAD,SUCCESS,queens=14200
20260904-080341,NQU,FAULT_CONFIG_PATH,FAULT_EXPERIMENT_NAME,LD_PRELOAD,SUCCESS,queens=14200
20260904-080343,NQU,FAULT_CONFIG_PATH,FAULT_EXPERIMENT_NAME,LD_PRELOAD,SUCCESS,queens=14200
20260904-080345,NQU,FAULT_CONFIG_PATH,FAULT_EXPERIMENT_NAME,LD_PRELOAD,SUCCESS,queens=14200
20260904-080346,NQU,FAULT_CONFIG_PATH,FAULT_EXPERIMENT_NAME,LD_PRELOAD,SUCCESS,queens=14200
20260904-080348,NQU,FAULT_CONFIG_PATH,FAULT_EXPERIMENT_NAME,LD_PRELOAD,SUCCESS,queens=14200
20260904-080350,NQU,FAULT_CONFIG_PATH,FAULT_EXPERIMENT_NAME,LD_PRELOAD,SUCCESS,queens=14200
20260904-080351,NQU,FAULT_CONFIG_PATH,FAULT_EXPERIMENT_NAME,LD_PRELOAD,SUCCESS,queens=14200
20260904-080353,NQU,FAULT_CONFIG_PATH,FAULT_EXPERIMENT_NAME,LD_PRELOAD,SUCCESS,queens=14200
20260904-080354,NQU,FAULT_CONFIG_PATH,FAULT_EXPERIMENT_NAME,LD_PRELOAD,SUCCESS,queens=14200
20260904-080356,NQU,FAULT_CONFIG_PATH,FAULT_EXPERIMENT_NAME,LD_PRELOAD,SUCCESS,queens=14200
20260904-080357,NQU,FAULT_CONFIG_PATH,FAULT_EXPERIMENT_NAME,LD_PRELOAD,SUCCESS,queens=14200
20260904-080359,NQU,FAULT_CONFIG_PATH,FAULT_EXPERIMENT_NAME,LD_PRELOAD,SUCCESS,queens=14200
20260904-080402,NQU,FAULT_CONFIG_PATH,FAULT_EXPERIMENT_NAME,LD_PRELOAD,SUCCESS,queens=14200
20260904-080403,NQU,FAULT_CONFIG_PATH,FAULT_EXPERIMENT_NAME,LD_PRELOAD,SUCCESS,queens=14200
20260904-080405,NQU,FAULT_CONFIG_PATH,FAULT_EXPERIMENT_NAME,LD_PRELOAD,SUCCESS,queens=14200
20260904-080406,NQU,FAULT_CONFIG_PATH,FAULT_EXPERIMENT_NAME,LD_PRELOAD,SUCCESS,queens=14200
20260904-080408,NQU,FAULT_CONFIG_PATH,FAULT_EXPERIMENT_NAME,LD_PRELOAD,SUCCESS,queens=14200
20260904-080410,NQU,FAULT_CONFIG_PATH,FAULT_EXPERIMENT_NAME,LD_PRELOAD,SUCCESS,queens=14200
20260904-080412,NQU,FAULT_CONFIG_PATH,FAULT_EXPERIMENT_NAME,LD_PRELOAD,SUCCESS,queens=14200
20260904-080413,NQU,FAULT_CONFIG_PATH,FAULT_EXPERIMENT_NAME,LD_PRELOAD,SUCCESS,queens=14200
20260904-080415,NQU,FAULT_CONFIG_PATH,FAULT_EXPERIMENT_NAME,LD_PRELOAD,SUCCESS,queens=14200
20260904-080417,NQU,FAULT_CONFIG_PATH,FAULT_EXPERIMENT_NAME,LD_PRELOAD,SUCCESS,queens=14200
20260904-080419,NQU,FAULT_CONFIG_PATH,FAULT_EXPERIMENT_NAME,LD_PRELOAD,SUCCESS,queens=14200
20260904-080421,NQU,FAULT_CONFIG_PATH,FAULT_EXPERIMENT_NAME,LD_PRELOAD,SUCCESS,queens=14200
20260904-080423,NQU,FAULT_CONFIG_PATH,FAULT_EXPERIMENT_NAME,LD_PRELOAD,SUCCESS,queens=14200
20260904-080424,NQU,FAULT_CONFIG_PATH,FAULT_EXPERIMENT_NAME,LD_PRELOAD,SUCCESS,queens=14200
20260904-080426,NQU,FAULT_CONFIG_PATH,FAULT_EXPERIMENT_NAME,LD_PRELOAD,SUCCESS,queens=14200
20260904-080428,NQU,FAULT_CONFIG_PATH,FAULT_EXPERIMENT_NAME,LD_PRELOAD,SUCCESS,queens=14200
20260904-080429,NQU,FAULT_CONFIG_PATH,FAULT_EXPERIMENT_NAME,LD_PRELOAD,SUCCESS,queens=14200
20260904-080431,NQU,FAULT_CONFIG_PATH,FAULT_EXPERIMENT_NAME,LD_PRELOAD,SUCCESS,queens=14200
20260904-080432,NQU,FAULT_CONFIG_PATH,FAULT_EXPERIMENT_NAME,LD_PRELOAD,SUCCESS,queens=14200
20260904-080434,NQU,FAULT_CONFIG_PATH,FAULT_EXPERIMENT_NAME,LD_PRELOAD,SUCCESS,queens=14200
20260904-080435,NQU,FAULT_CONFIG_PATH,FAULT_EXPERIMENT_NAME,LD_PRELOAD,SUCCESS,queens=14200
20260904-080437,NQU,FAULT_CONFIG_PATH,FAULT_EXPERIMENT_NAME,LD_PRELOAD,SUCCESS,queens=14200
20260904-080438,NQU,FAULT_CONFIG_PATH,FAULT_EXPERIMENT_NAME,LD_PRELOAD,SUCCESS,queens=14200
20260904-080440,NQU,FAULT_CONFIG_PATH,FAULT_EXPERIMENT_NAME,LD_PRELOAD,SUCCESS,queens=14200
20260904-080442,NQU,FAULT_CONFIG_PATH,FAULT_EXPERIMENT_NAME,LD_PRELOAD,SUCCESS,queens=14200
20260904-080444,NQU,FAULT_CONFIG_PATH,FAULT_EXPERIMENT_NAME,LD_PRELOAD,SUCCESS,queens=14200
20260904-080445,NQU,FAULT_CONFIG_PATH,FAULT_EXPERIMENT_NAME,LD_PRELOAD,SUCCESS,queens=14200
20260904-080447,NQU,FAULT_CONFIG_PATH,FAULT_EXPERIMENT_NAME,LD_PRELOAD,SUCCESS,queens=14200
20260904-080448,NQU,FAULT_CONFIG_PATH,FAULT_EXPERIMENT_NAME,LD_PRELOAD,SUCCESS,queens=14200
20260904-080450,NQU,FAULT_CONFIG_PATH,FAULT_EXPERIMENT_NAME,LD_PRELOAD,SUCCESS,queens=14200
20260904-080451,NQU,FAULT_CONFIG_PATH,FAULT_EXPERIMENT_NAME,LD_PRELOAD,SUCCESS,queens=14200
20260904-080453,NQU,FAULT_CONFIG_PATH,FAULT_EXPERIMENT_NAME,LD_PRELOAD,SUCCESS,queens=14200
20260904-080454,NQU,FAULT_CONFIG_PATH,FAULT_EXPERIMENT_NAME,LD_PRELOAD,SUCCESS,queens=14200
20260904-080456,NQU,FAULT_CONFIG_PATH,FAULT_EXPERIMENT_NAME,LD_PRELOAD,SUCCESS,queens=14200
20260904-080457,NQU,FAULT_CONFIG_PATH,FAULT_EXPERIMENT_NAME,LD_PRELOAD,SUCCESS,queens=14200
20260904-080459,NQU,FAULT_CONFIG_PATH,FAULT_EXPERIMENT_NAME,LD_PRELOAD,SUCCESS,queens=14200
20260904-080500,NQU,FAULT_CONFIG_PATH,FAULT_EXPERIMENT_NAME,LD_PRELOAD,SUCCESS,queens=14200
20260904-080502,NQU,FAULT_CONFIG_PATH,FAULT_EXPERIMENT_NAME,LD_PRELOAD,SUCCESS,queens=14200
20260904-080507,NQU,FAULT_CONFIG_PATH,FAULT_EXPERIMENT_NAME,LD_PRELOAD,SUCCESS,queens=14200
20260904-080509,NQU,FAULT_CONFIG_PATH,FAULT_EXPERIMENT_NAME,LD_PRELOAD,SUCCESS,queens=14200
20260904-080511,NQU,FAULT_CONFIG_PATH,FAULT_EXPERIMENT_NAME,LD_PRELOAD,SUCCESS,queens=14200
20260904-080512,NQU,FAULT_CONFIG_PATH,FAULT_EXPERIMENT_NAME,LD_PRELOAD,SUCCESS,queens=14200
20260904-080514,NQU,FAULT_CONFIG_PATH,FAULT_EXPERIMENT_NAME,LD_PRELOAD,SUCCESS,queens=14200
20260904-080516,NQU,FAULT_CONFIG_PATH,FAULT_EXPERIMENT_NAME,LD_PRELOAD,SUCCESS,queens=14200
20260904-080518,NQU,FAULT_CONFIG_PATH,FAULT_EXPERIMENT_NAME,LD_PRELOAD,SUCCESS,queens=14200
20260904-080519,NQU,FAULT_CONFIG_PATH,FAULT_EXPERIMENT_NAME,LD_PRELOAD,SUCCESS,queens=14200
20260904-080520,NQU,FAULT_CONFIG_PATH,FAULT_EXPERIMENT_NAME,LD_PRELOAD,SUCCESS,queens=14200
20260904-080522,NQU,FAULT_CONFIG_PATH,FAULT_EXPERIMENT_NAME,LD_PRELOAD,SUCCESS,queens=14200
20260904-080524,NQU,FAULT_CONFIG_PATH,FAULT_EXPERIMENT_NAME,LD_PRELOAD,SUCCESS,queens=14200
20260904-080525,NQU,FAULT_CONFIG_PATH,FAULT_EXPERIMENT_NAME,LD_PRELOAD,SUCCESS,queens=14200
20260904-080527,NQU,FAULT_CONFIG_PATH,FAULT_EXPERIMENT_NAME,LD_PRELOAD,SUCCESS,queens=14200
20260904-080528,NQU,FAULT_CONFIG_PATH,FAULT_EXPERIMENT_NAME,LD_PRELOAD,SUCCESS,queens=14200
20260904-080530,NQU,FAULT_CONFIG_PATH,FAULT_EXPERIMENT_NAME,LD_PRELOAD,SUCCESS,queens=14200
20260904-080532,NQU,FAULT_CONFIG_PATH,FAULT_EXPERIMENT_NAME,LD_PRELOAD,SUCCESS,queens=14200
20260904-080533,NQU,FAULT_CONFIG_PATH,FAULT_EXPERIMENT_NAME,LD_PRELOAD,SUCCESS,queens=14200
20260904-080535,NQU,FAULT_CONFIG_PATH,FAULT_EXPERIMENT_NAME,LD_PRELOAD,SUCCESS,queens=14200
20260904-080536,NQU,FAULT_CONFIG_PATH,FAULT_EXPERIMENT_NAME,LD_PRELOAD,SUCCESS,queens=14200
20260904-080538,NQU,FAULT_CONFIG_PATH,FAULT_EXPERIMENT_NAME,LD_PRELOAD,SUCCESS,queens=14200
20260904-080540,NQU,FAULT_CONFIG_PATH,FAULT_EXPERIMENT_NAME,LD_PRELOAD,SUCCESS,queens=14200
20260904-080542,NQU,FAULT_CONFIG_PATH,FAULT_EXPERIMENT_NAME,LD_PRELOAD,SUCCESS,queens=14200
20260904-080544,NQU,FAULT_CONFIG_PATH,FAULT_EXPERIMENT_NAME,LD_PRELOAD,SUCCESS,queens=14200
20260904-080545,NQU,FAULT_CONFIG_PATH,FAULT_EXPERIMENT_NAME,LD_PRELOAD,SUCCESS,queens=14200
20260904-080547,NQU,FAULT_CONFIG_PATH,FAULT_EXPERIMENT_NAME,LD_PRELOAD,SUCCESS,queens=14200
20260904-080549,NQU,FAULT_CONFIG_PATH,FAULT_EXPERIMENT_NAME,LD_PRELOAD,SUCCESS,queens=14200
20260904-080551,NQU,FAULT_CONFIG_PATH,FAULT_EXPERIMENT_NAME,LD_PRELOAD,SUCCESS,queens=14200
20260904-080552,NQU,FAULT_CONFIG_PATH,FAULT_EXPERIMENT_NAME,LD_PRELOAD,SUCCESS,queens=14200
20260904-080554,NQU,FAULT_CONFIG_PATH,FAULT_EXPERIMENT_NAME,LD_PRELOAD,SUCCESS,queens=14200
20260904-080556,NQU,FAULT_CONFIG_PATH,FAULT_EXPERIMENT_NAME,LD_PRELOAD,SUCCESS,queens=14200
20260904-080557,NQU,FAULT_CONFIG_PATH,FAULT_EXPERIMENT_NAME,LD_PRELOAD,SUCCESS,queens=14200
20260904-080559,NQU,FAULT_CONFIG_PATH,FAULT_EXPERIMENT_NAME,LD_PRELOAD,SUCCESS,queens=14200
20260904-080601,NQU,FAULT_CONFIG_PATH,FAULT_EXPERIMENT_NAME,LD_PRELOAD,SUCCESS,queens=14200
20260904-080602,NQU,FAULT_CONFIG_PATH,FAULT_EXPERIMENT_NAME,LD_PRELOAD,SUCCESS,queens=14200
20260904-080604,NQU,FAULT_CONFIG_PATH,FAULT_EXPERIMENT_NAME,LD_PRELOAD,SUCCESS,queens=14200
20260904-080606,NQU,FAULT_CONFIG_PATH,FAULT_EXPERIMENT_NAME,LD_PRELOAD,SUCCESS,queens=14200
20260904-080609,NQU,FAULT_CONFIG_PATH,FAULT_EXPERIMENT_NAME,LD_PRELOAD,SUCCESS,queens=14200
20260904-080611,NQU,FAULT_CONFIG_PATH,FAULT_EXPERIMENT_NAME,LD_PRELOAD,SUCCESS,queens=14200
20260904-080612,NQU,FAULT_CONFIG_PATH,FAULT_EXPERIMENT_NAME,LD_PRELOAD,SUCCESS,queens=14200
20260904-080615,NQU,FAULT_CONFIG_PATH,FAULT_EXPERIMENT_NAME,LD_PRELOAD,SUCCESS,queens=14200
20260904-080618,NQU,FAULT_CONFIG_PATH,FAULT_EXPERIMENT_NAME,LD_PRELOAD,SUCCESS,queens=14200
20260904-080621,NQU,FAULT_CONFIG_PATH,FAULT_EXPERIMENT_NAME,LD_PRELOAD,SUCCESS,queens=14200
20260904-080623,NQU,FAULT_CONFIG_PATH,FAULT_EXPERIMENT_NAME,LD_PRELOAD,SUCCESS,queens=14200
20260904-080625,NQU,FAULT_CONFIG_PATH,FAULT_EXPERIMENT_NAME,LD_PRELOAD,SUCCESS,queens=14200
20260904-080626,NQU,FAULT_CONFIG_PATH,FAULT_EXPERIMENT_NAME,LD_PRELOAD,SUCCESS,queens=14200
20260904-080627,NQU,FAULT_CONFIG_PATH,FAULT_EXPERIMENT_NAME,LD_PRELOAD,SUCCESS,queens=14200
20260904-080629,NQU,FAULT_CONFIG_PATH,FAULT_EXPERIMENT_NAME,LD_PRELOAD,SUCCESS,queens=14200
20260904-082846,NQU,FAULT_CONFIG_PATH,FAULT_EXPERIMENT_NAME,LD_PRELOAD,SDC,queens=14328 expected=14200
20260904-082847,NQU,FAULT_CONFIG_PATH,FAULT_EXPERIMENT_NAME,LD_PRELOAD,SDC,queens=14328 expected=14200
20260904-082847,NQU,FAULT_CONFIG_PATH,FAULT_EXPERIMENT_NAME,LD_PRELOAD,SDC,queens=14328 expected=14200
20260904-082848,NQU,FAULT_CONFIG_PATH,FAULT_EXPERIMENT_NAME,LD_PRELOAD,SDC,queens=14328 expected=14200
20260904-082849,NQU,FAULT_CONFIG_PATH,FAULT_EXPERIMENT_NAME,LD_PRELOAD,SDC,queens=14328 expected=14200
20260904-082849,NQU,FAULT_CONFIG_PATH,FAULT_EXPERIMENT_NAME,LD_PRELOAD,SDC,queens=14328 expected=14200
20260904-082850,NQU,FAULT_CONFIG_PATH,FAULT_EXPERIMENT_NAME,LD_PRELOAD,SDC,queens=14328 expected=14200
20260904-082850,NQU,FAULT_CONFIG_PATH,FAULT_EXPERIMENT_NAME,LD_PRELOAD,SDC,queens=14328 expected=14200
20260904-082851,NQU,FAULT_CONFIG_PATH,FAULT_EXPERIMENT_NAME,LD_PRELOAD,SDC,queens=14328 expected=14200
20260904-082852,NQU,FAULT_CONFIG_PATH,FAULT_EXPERIMENT_NAME,LD_PRELOAD,SDC,queens=14168 expected=14200
20260904-082852,NQU,FAULT_CONFIG_PATH,FAULT_EXPERIMENT_NAME,LD_PRELOAD,SDC,queens=14168 expected=14200
20260904-082853,NQU,FAULT_CONFIG_PATH,FAULT_EXPERIMENT_NAME,LD_PRELOAD,SDC,queens=14168 expected=14200
20260904-082853,NQU,FAULT_CONFIG_PATH,FAULT_EXPERIMENT_NAME,LD_PRELOAD,SDC,queens=14328 expected=14200
20260904-082854,NQU,FAULT_CONFIG_PATH,FAULT_EXPERIMENT_NAME,LD_PRELOAD,SDC,queens=14328 expected=14200
20260904-082855,NQU,FAULT_CONFIG_PATH,FAULT_EXPERIMENT_NAME,LD_PRELOAD,SDC,queens=14328 expected=14200
20260904-082855,NQU,FAULT_CONFIG_PATH,FAULT_EXPERIMENT_NAME,LD_PRELOAD,SDC,queens=14232 expected=14200
20260904-082856,NQU,FAULT_CONFIG_PATH,FAULT_EXPERIMENT_NAME,LD_PRELOAD,SDC,queens=14232 expected=14200
20260904-082856,NQU,FAULT_CONFIG_PATH,FAULT_EXPERIMENT_NAME,LD_PRELOAD,SDC,queens=14232 expected=14200
20260904-082946,NQU,FAULT_CONFIG_PATH,FAULT_EXPERIMENT_NAME,LD_PRELOAD,SDC,queens=14328 expected=14200
20260904-082946,NQU,FAULT_CONFIG_PATH,FAULT_EXPERIMENT_NAME,LD_PRELOAD,SDC,queens=14328 expected=14200
20260904-083207,NQU,FAULT_CONFIG_PATH,FAULT_EXPERIMENT_NAME,LD_PRELOAD,CUDA_ERROR,Cuda error in function 'cudaDeviceSynchronize()' file 'fault_injector.cu' in line 659 : an illegal memory access was enc
20260904-083208,NQU,FAULT_CONFIG_PATH,FAULT_EXPERIMENT_NAME,LD_PRELOAD,CUDA_ERROR,Cuda error in function 'cudaDeviceSynchronize()' file 'fault_injector.cu' in line 659 : an illegal memory access was enc
20260904-083208,NQU,FAULT_CONFIG_PATH,FAULT_EXPERIMENT_NAME,LD_PRELOAD,CUDA_ERROR,Cuda error in function 'cudaDeviceSynchronize()' file 'fault_injector.cu' in line 659 : an illegal memory access was enc
20260904-083209,NQU,FAULT_CONFIG_PATH,FAULT_EXPERIMENT_NAME,LD_PRELOAD,CUDA_ERROR,Cuda error in function 'cudaDeviceSynchronize()' file 'fault_injector.cu' in line 659 : an illegal memory access was enc
20260904-083210,NQU,FAULT_CONFIG_PATH,FAULT_EXPERIMENT_NAME,LD_PRELOAD,SDC,queens=14712 expected=14200
20260904-083210,NQU,FAULT_CONFIG_PATH,FAULT_EXPERIMENT_NAME,LD_PRELOAD,SDC,queens=14712 expected=14200
20260904-083211,NQU,FAULT_CONFIG_PATH,FAULT_EXPERIMENT_NAME,LD_PRELOAD,SDC,queens=14712 expected=14200
20260904-083211,NQU,FAULT_CONFIG_PATH,FAULT_EXPERIMENT_NAME,LD_PRELOAD,SDC,queens=14712 expected=14200
20260904-084530,NQU,FAULT_CONFIG_PATH,FAULT_EXPERIMENT_NAME,LD_PRELOAD,SUCCESS,queens=14200
20260904-084530,NQU,FAULT_CONFIG_PATH,FAULT_EXPERIMENT_NAME,LD_PRELOAD,SUCCESS,queens=14200
20260904-084531,NQU,FAULT_CONFIG_PATH,FAULT_EXPERIMENT_NAME,LD_PRELOAD,SUCCESS,queens=14200
20260904-084531,NQU,FAULT_CONFIG_PATH,FAULT_EXPERIMENT_NAME,LD_PRELOAD,SUCCESS,queens=14200
20260904-084532,NQU,FAULT_CONFIG_PATH,FAULT_EXPERIMENT_NAME,LD_PRELOAD,SUCCESS,queens=14200
20260904-084532,NQU,FAULT_CONFIG_PATH,FAULT_EXPERIMENT_NAME,LD_PRELOAD,SUCCESS,queens=14200
20260904-084533,NQU,FAULT_CONFIG_PATH,FAULT_EXPERIMENT_NAME,LD_PRELOAD,SUCCESS,queens=14200
20260904-084534,NQU,FAULT_CONFIG_PATH,FAULT_EXPERIMENT_NAME,LD_PRELOAD,SUCCESS,queens=14200
20260904-084534,NQU,FAULT_CONFIG_PATH,FAULT_EXPERIMENT_NAME,LD_PRELOAD,SUCCESS,queens=14200
20260904-084535,NQU,FAULT_CONFIG_PATH,FAULT_EXPERIMENT_NAME,LD_PRELOAD,SUCCESS,queens=14200
20260904-084536,NQU,FAULT_CONFIG_PATH,FAULT_EXPERIMENT_NAME,LD_PRELOAD,SUCCESS,queens=14200
20260904-084536,NQU,FAULT_CONFIG_PATH,FAULT_EXPERIMENT_NAME,LD_PRELOAD,SUCCESS,queens=14200
20260904-084537,NQU,FAULT_CONFIG_PATH,FAULT_EXPERIMENT_NAME,LD_PRELOAD,SUCCESS,queens=14200
20260904-084538,NQU,FAULT_CONFIG_PATH,FAULT_EXPERIMENT_NAME,LD_PRELOAD,SUCCESS,queens=14200
20260904-084538,NQU,FAULT_CONFIG_PATH,FAULT_EXPERIMENT_NAME,LD_PRELOAD,SUCCESS,queens=14200
20260904-084539,NQU,FAULT_CONFIG_PATH,FAULT_EXPERIMENT_NAME,LD_PRELOAD,SUCCESS,queens=14200
20260904-084540,NQU,FAULT_CONFIG_PATH,FAULT_EXPERIMENT_NAME,LD_PRELOAD,SUCCESS,queens=14200
20260904-084540,NQU,FAULT_CONFIG_PATH,FAULT_EXPERIMENT_NAME,LD_PRELOAD,SUCCESS,queens=14200
20260904-084541,NQU,FAULT_CONFIG_PATH,FAULT_EXPERIMENT_NAME,LD_PRELOAD,SUCCESS,queens=14200
20260904-084542,NQU,FAULT_CONFIG_PATH,FAULT_EXPERIMENT_NAME,LD_PRELOAD,SUCCESS,queens=14200
20260904-084543,NQU,FAULT_CONFIG_PATH,FAULT_EXPERIMENT_NAME,LD_PRELOAD,SUCCESS,queens=14200
20260904-084543,NQU,FAULT_CONFIG_PATH,FAULT_EXPERIMENT_NAME,LD_PRELOAD,SUCCESS,queens=14200
20260904-084544,NQU,FAULT_CONFIG_PATH,FAULT_EXPERIMENT_NAME,LD_PRELOAD,SUCCESS,queens=14200
20260904-084545,NQU,FAULT_CONFIG_PATH,FAULT_EXPERIMENT_NAME,LD_PRELOAD,SUCCESS,queens=14200
20260904-084545,NQU,FAULT_CONFIG_PATH,FAULT_EXPERIMENT_NAME,LD_PRELOAD,SUCCESS,queens=14200
20260904-084546,NQU,FAULT_CONFIG_PATH,FAULT_EXPERIMENT_NAME,LD_PRELOAD,SUCCESS,queens=14200
20260904-084547,NQU,FAULT_CONFIG_PATH,FAULT_EXPERIMENT_NAME,LD_PRELOAD,SUCCESS,queens=14200
20260904-084547,NQU,FAULT_CONFIG_PATH,FAULT_EXPERIMENT_NAME,LD_PRELOAD,SUCCESS,queens=14200
20260904-084548,NQU,FAULT_CONFIG_PATH,FAULT_EXPERIMENT_NAME,LD_PRELOAD,SUCCESS,queens=14200
20260904-084549,NQU,FAULT_CONFIG_PATH,FAULT_EXPERIMENT_NAME,LD_PRELOAD,SUCCESS,queens=14200
20260904-084550,NQU,FAULT_CONFIG_PATH,FAULT_EXPERIMENT_NAME,LD_PRELOAD,SUCCESS,queens=14200
20260904-084551,NQU,FAULT_CONFIG_PATH,FAULT_EXPERIMENT_NAME,LD_PRELOAD,SUCCESS,queens=14200
20260904-084551,NQU,FAULT_CONFIG_PATH,FAULT_EXPERIMENT_NAME,LD_PRELOAD,SUCCESS,queens=14200
20260904-084552,NQU,FAULT_CONFIG_PATH,FAULT_EXPERIMENT_NAME,LD_PRELOAD,SUCCESS,queens=14200
20260904-084553,NQU,FAULT_CONFIG_PATH,FAULT_EXPERIMENT_NAME,LD_PRELOAD,SUCCESS,queens=14200
20260904-084553,NQU,FAULT_CONFIG_PATH,FAULT_EXPERIMENT_NAME,LD_PRELOAD,SUCCESS,queens=14200
20260904-084554,NQU,FAULT_CONFIG_PATH,FAULT_EXPERIMENT_NAME,LD_PRELOAD,SUCCESS,queens=14200
20260904-084555,NQU,FAULT_CONFIG_PATH,FAULT_EXPERIMENT_NAME,LD_PRELOAD,SUCCESS,queens=14200
20260904-084556,NQU,FAULT_CONFIG_PATH,FAULT_EXPERIMENT_NAME,LD_PRELOAD,SUCCESS,queens=14200
20260904-084556,NQU,FAULT_CONFIG_PATH,FAULT_EXPERIMENT_NAME,LD_PRELOAD,SUCCESS,queens=14200
20260904-084557,NQU,FAULT_CONFIG_PATH,FAULT_EXPERIMENT_NAME,LD_PRELOAD,SUCCESS,queens=14200
20260904-084558,NQU,FAULT_CONFIG_PATH,FAULT_EXPERIMENT_NAME,LD_PRELOAD,SUCCESS,queens=14200
20260904-084558,NQU,FAULT_CONFIG_PATH,FAULT_EXPERIMENT_NAME,LD_PRELOAD,SUCCESS,queens=14200
20260904-084559,NQU,FAULT_CONFIG_PATH,FAULT_EXPERIMENT_NAME,LD_PRELOAD,SUCCESS,queens=14200
20260904-084600,NQU,FAULT_CONFIG_PATH,FAULT_EXPERIMENT_NAME,LD_PRELOAD,SUCCESS,queens=14200
20260904-084600,NQU,FAULT_CONFIG_PATH,FAULT_EXPERIMENT_NAME,LD_PRELOAD,SUCCESS,queens=14200
20260904-084601,NQU,FAULT_CONFIG_PATH,FAULT_EXPERIMENT_NAME,LD_PRELOAD,SUCCESS,queens=14200
20260904-084601,NQU,FAULT_CONFIG_PATH,FAULT_EXPERIMENT_NAME,LD_PRELOAD,SUCCESS,queens=14200
20260904-084602,NQU,FAULT_CONFIG_PATH,FAULT_EXPERIMENT_NAME,LD_PRELOAD,SUCCESS,queens=14200
20260904-084603,NQU,FAULT_CONFIG_PATH,FAULT_EXPERIMENT_NAME,LD_PRELOAD,SUCCESS,queens=14200
20260904-084603,NQU,FAULT_CONFIG_PATH,FAULT_EXPERIMENT_NAME,LD_PRELOAD,SUCCESS,queens=14200
20260904-084604,NQU,FAULT_CONFIG_PATH,FAULT_EXPERIMENT_NAME,LD_PRELOAD,SUCCESS,queens=14200
20260904-084605,NQU,FAULT_CONFIG_PATH,FAULT_EXPERIMENT_NAME,LD_PRELOAD,SUCCESS,queens=14200
20260904-084606,NQU,FAULT_CONFIG_PATH,FAULT_EXPERIMENT_NAME,LD_PRELOAD,SUCCESS,queens=14200
20260904-084606,NQU,FAULT_CONFIG_PATH,FAULT_EXPERIMENT_NAME,LD_PRELOAD,SUCCESS,queens=14200
20260904-084607,NQU,FAULT_CONFIG_PATH,FAULT_EXPERIMENT_NAME,LD_PRELOAD,SUCCESS,queens=14200
20260904-084607,NQU,FAULT_CONFIG_PATH,FAULT_EXPERIMENT_NAME,LD_PRELOAD,SUCCESS,queens=14200
20260904-084608,NQU,FAULT_CONFIG_PATH,FAULT_EXPERIMENT_NAME,LD_PRELOAD,SUCCESS,queens=14200
20260904-084609,NQU,FAULT_CONFIG_PATH,FAULT_EXPERIMENT_NAME,LD_PRELOAD,SUCCESS,queens=14200
20260904-084609,NQU,FAULT_CONFIG_PATH,FAULT_EXPERIMENT_NAME,LD_PRELOAD,SUCCESS,queens=14200
20260904-084610,NQU,FAULT_CONFIG_PATH,FAULT_EXPERIMENT_NAME,LD_PRELOAD,SUCCESS,queens=14200
20260904-084610,NQU,FAULT_CONFIG_PATH,FAULT_EXPERIMENT_NAME,LD_PRELOAD,SUCCESS,queens=14200
20260904-084611,NQU,FAULT_CONFIG_PATH,FAULT_EXPERIMENT_NAME,LD_PRELOAD,SUCCESS,queens=14200
20260904-084611,NQU,FAULT_CONFIG_PATH,FAULT_EXPERIMENT_NAME,LD_PRELOAD,SUCCESS,queens=14200
20260904-084612,NQU,FAULT_CONFIG_PATH,FAULT_EXPERIMENT_NAME,LD_PRELOAD,SUCCESS,queens=14200
20260904-084612,NQU,FAULT_CONFIG_PATH,FAULT_EXPERIMENT_NAME,LD_PRELOAD,SUCCESS,queens=14200
20260904-084613,NQU,FAULT_CONFIG_PATH,FAULT_EXPERIMENT_NAME,LD_PRELOAD,SUCCESS,queens=14200
20260904-084614,NQU,FAULT_CONFIG_PATH,FAULT_EXPERIMENT_NAME,LD_PRELOAD,SUCCESS,queens=14200
20260904-084614,NQU,FAULT_CONFIG_PATH,FAULT_EXPERIMENT_NAME,LD_PRELOAD,SUCCESS,queens=14200
20260904-084615,NQU,FAULT_CONFIG_PATH,FAULT_EXPERIMENT_NAME,LD_PRELOAD,SUCCESS,queens=14200
20260904-084616,NQU,FAULT_CONFIG_PATH,FAULT_EXPERIMENT_NAME,LD_PRELOAD,SUCCESS,queens=14200
20260904-084616,NQU,FAULT_CONFIG_PATH,FAULT_EXPERIMENT_NAME,LD_PRELOAD,SUCCESS,queens=14200
20260904-084617,NQU,FAULT_CONFIG_PATH,FAULT_EXPERIMENT_NAME,LD_PRELOAD,SUCCESS,queens=14200
20260904-084617,NQU,FAULT_CONFIG_PATH,FAULT_EXPERIMENT_NAME,LD_PRELOAD,SUCCESS,queens=14200
20260904-084618,NQU,FAULT_CONFIG_PATH,FAULT_EXPERIMENT_NAME,LD_PRELOAD,SUCCESS,queens=14200
20260904-084619,NQU,FAULT_CONFIG_PATH,FAULT_EXPERIMENT_NAME,LD_PRELOAD,SUCCESS,queens=14200
20260904-084619,NQU,FAULT_CONFIG_PATH,FAULT_EXPERIMENT_NAME,LD_PRELOAD,SUCCESS,queens=14200
20260904-084620,NQU,FAULT_CONFIG_PATH,FAULT_EXPERIMENT_NAME,LD_PRELOAD,SUCCESS,queens=14200
20260904-084620,NQU,FAULT_CONFIG_PATH,FAULT_EXPERIMENT_NAME,LD_PRELOAD,SUCCESS,queens=14200
20260904-084621,NQU,FAULT_CONFIG_PATH,FAULT_EXPERIMENT_NAME,LD_PRELOAD,SUCCESS,queens=14200
20260904-084622,NQU,FAULT_CONFIG_PATH,FAULT_EXPERIMENT_NAME,LD_PRELOAD,SUCCESS,queens=14200
20260904-084623,NQU,FAULT_CONFIG_PATH,FAULT_EXPERIMENT_NAME,LD_PRELOAD,SUCCESS,queens=14200
20260904-084623,NQU,FAULT_CONFIG_PATH,FAULT_EXPERIMENT_NAME,LD_PRELOAD,SUCCESS,queens=14200
20260904-084624,NQU,FAULT_CONFIG_PATH,FAULT_EXPERIMENT_NAME,LD_PRELOAD,SUCCESS,queens=14200
20260904-084624,NQU,FAULT_CONFIG_PATH,FAULT_EXPERIMENT_NAME,LD_PRELOAD,SUCCESS,queens=14200
20260904-084625,NQU,FAULT_CONFIG_PATH,FAULT_EXPERIMENT_NAME,LD_PRELOAD,SUCCESS,queens=14200
20260904-084626,NQU,FAULT_CONFIG_PATH,FAULT_EXPERIMENT_NAME,LD_PRELOAD,SUCCESS,queens=14200
20260904-084626,NQU,FAULT_CONFIG_PATH,FAULT_EXPERIMENT_NAME,LD_PRELOAD,SUCCESS,queens=14200
20260904-084627,NQU,FAULT_CONFIG_PATH,FAULT_EXPERIMENT_NAME,LD_PRELOAD,SUCCESS,queens=14200
20260904-084627,NQU,FAULT_CONFIG_PATH,FAULT_EXPERIMENT_NAME,LD_PRELOAD,SUCCESS,queens=14200
20260904-084628,NQU,FAULT_CONFIG_PATH,FAULT_EXPERIMENT_NAME,LD_PRELOAD,SUCCESS,queens=14200
20260904-084628,NQU,FAULT_CONFIG_PATH,FAULT_EXPERIMENT_NAME,LD_PRELOAD,SUCCESS,queens=14200
20260904-084629,NQU,FAULT_CONFIG_PATH,FAULT_EXPERIMENT_NAME,LD_PRELOAD,SUCCESS,queens=14200
20260904-084630,NQU,FAULT_CONFIG_PATH,FAULT_EXPERIMENT_NAME,LD_PRELOAD,SUCCESS,queens=14200
20260904-084630,NQU,FAULT_CONFIG_PATH,FAULT_EXPERIMENT_NAME,LD_PRELOAD,SUCCESS,queens=14200
20260904-084631,NQU,FAULT_CONFIG_PATH,FAULT_EXPERIMENT_NAME,LD_PRELOAD,SUCCESS,queens=14200
20260904-084631,NQU,FAULT_CONFIG_PATH,FAULT_EXPERIMENT_NAME,LD_PRELOAD,SUCCESS,queens=14200
20260904-084632,NQU,FAULT_CONFIG_PATH,FAULT_EXPERIMENT_NAME,LD_PRELOAD,SUCCESS,queens=14200
20260904-084633,NQU,FAULT_CONFIG_PATH,FAULT_EXPERIMENT_NAME,LD_PRELOAD,SUCCESS,queens=14200
20260904-084633,NQU,FAULT_CONFIG_PATH,FAULT_EXPERIMENT_NAME,LD_PRELOAD,SUCCESS,queens=14200
20260904-084634,NQU,FAULT_CONFIG_PATH,FAULT_EXPERIMENT_NAME,LD_PRELOAD,SUCCESS,queens=14200
20260904-084634,NQU,FAULT_CONFIG_PATH,FAULT_EXPERIMENT_NAME,LD_PRELOAD,SUCCESS,queens=14200
20260904-084635,NQU,FAULT_CONFIG_PATH,FAULT_EXPERIMENT_NAME,LD_PRELOAD,SUCCESS,queens=14200
20260904-084636,NQU,FAULT_CONFIG_PATH,FAULT_EXPERIMENT_NAME,LD_PRELOAD,SUCCESS,queens=14200
20260904-084636,NQU,FAULT_CONFIG_PATH,FAULT_EXPERIMENT_NAME,LD_PRELOAD,SUCCESS,queens=14200
20260904-084637,NQU,FAULT_CONFIG_PATH,FAULT_EXPERIMENT_NAME,LD_PRELOAD,SUCCESS,queens=14200
20260904-084637,NQU,FAULT_CONFIG_PATH,FAULT_EXPERIMENT_NAME,LD_PRELOAD,SUCCESS,queens=14200
20260904-084638,NQU,FAULT_CONFIG_PATH,FAULT_EXPERIMENT_NAME,LD_PRELOAD,SUCCESS,queens=14200
20260904-084639,NQU,FAULT_CONFIG_PATH,FAULT_EXPERIMENT_NAME,LD_PRELOAD,SUCCESS,queens=14200
20260904-084639,NQU,FAULT_CONFIG_PATH,FAULT_EXPERIMENT_NAME,LD_PRELOAD,SUCCESS,queens=14200
20260904-084640,NQU,FAULT_CONFIG_PATH,FAULT_EXPERIMENT_NAME,LD_PRELOAD,SUCCESS,queens=14200
20260904-084640,NQU,FAULT_CONFIG_PATH,FAULT_EXPERIMENT_NAME,LD_PRELOAD,SUCCESS,queens=14200
20260904-084641,NQU,FAULT_CONFIG_PATH,FAULT_EXPERIMENT_NAME,LD_PRELOAD,SUCCESS,queens=14200
20260904-084642,NQU,FAULT_CONFIG_PATH,FAULT_EXPERIMENT_NAME,LD_PRELOAD,SUCCESS,queens=14200
20260904-084642,NQU,FAULT_CONFIG_PATH,FAULT_EXPERIMENT_NAME,LD_PRELOAD,SUCCESS,queens=14200
20260904-084643,NQU,FAULT_CONFIG_PATH,FAULT_EXPERIMENT_NAME,LD_PRELOAD,SUCCESS,queens=14200
20260904-084644,NQU,FAULT_CONFIG_PATH,FAULT_EXPERIMENT_NAME,LD_PRELOAD,SUCCESS,queens=14200
20260904-084644,NQU,FAULT_CONFIG_PATH,FAULT_EXPERIMENT_NAME,LD_PRELOAD,SUCCESS,queens=14200
20260904-084645,NQU,FAULT_CONFIG_PATH,FAULT_EXPERIMENT_NAME,LD_PRELOAD,SUCCESS,queens=14200
20260904-084645,NQU,FAULT_CONFIG_PATH,FAULT_EXPERIMENT_NAME,LD_PRELOAD,SUCCESS,queens=14200
20260904-084646,NQU,FAULT_CONFIG_PATH,FAULT_EXPERIMENT_NAME,LD_PRELOAD,SUCCESS,queens=14200
20260904-084647,NQU,FAULT_CONFIG_PATH,FAULT_EXPERIMENT_NAME,LD_PRELOAD,SUCCESS,queens=14200
20260904-084647,NQU,FAULT_CONFIG_PATH,FAULT_EXPERIMENT_NAME,LD_PRELOAD,SUCCESS,queens=14200
20260904-084648,NQU,FAULT_CONFIG_PATH,FAULT_EXPERIMENT_NAME,LD_PRELOAD,SUCCESS,queens=14200
20260904-084649,NQU,FAULT_CONFIG_PATH,FAULT_EXPERIMENT_NAME,LD_PRELOAD,SUCCESS,queens=14200
20260904-084650,NQU,FAULT_CONFIG_PATH,FAULT_EXPERIMENT_NAME,LD_PRELOAD,SUCCESS,queens=14200
20260904-084650,NQU,FAULT_CONFIG_PATH,FAULT_EXPERIMENT_NAME,LD_PRELOAD,SUCCESS,queens=14200
20260904-084651,NQU,FAULT_CONFIG_PATH,FAULT_EXPERIMENT_NAME,LD_PRELOAD,SUCCESS,queens=14200
20260904-084652,NQU,FAULT_CONFIG_PATH,FAULT_EXPERIMENT_NAME,LD_PRELOAD,SUCCESS,queens=14200
20260904-084653,NQU,FAULT_CONFIG_PATH,FAULT_EXPERIMENT_NAME,LD_PRELOAD,SUCCESS,queens=14200
20260904-084653,NQU,FAULT_CONFIG_PATH,FAULT_EXPERIMENT_NAME,LD_PRELOAD,SUCCESS,queens=14200
20260904-084654,NQU,FAULT_CONFIG_PATH,FAULT_EXPERIMENT_NAME,LD_PRELOAD,SUCCESS,queens=14200
20260904-084654,NQU,FAULT_CONFIG_PATH,FAULT_EXPERIMENT_NAME,LD_PRELOAD,SUCCESS,queens=14200
20260904-084656,NQU,FAULT_CONFIG_PATH,FAULT_EXPERIMENT_NAME,LD_PRELOAD,SUCCESS,queens=14200
20260904-084656,NQU,FAULT_CONFIG_PATH,FAULT_EXPERIMENT_NAME,LD_PRELOAD,SUCCESS,queens=14200
20260904-084657,NQU,FAULT_CONFIG_PATH,FAULT_EXPERIMENT_NAME,LD_PRELOAD,SUCCESS,queens=14200
20260904-084657,NQU,FAULT_CONFIG_PATH,FAULT_EXPERIMENT_NAME,LD_PRELOAD,SUCCESS,queens=14200
20260904-084658,NQU,FAULT_CONFIG_PATH,FAULT_EXPERIMENT_NAME,LD_PRELOAD,SUCCESS,queens=14200
20260904-084659,NQU,FAULT_CONFIG_PATH,FAULT_EXPERIMENT_NAME,LD_PRELOAD,SUCCESS,queens=14200
20260904-084659,NQU,FAULT_CONFIG_PATH,FAULT_EXPERIMENT_NAME,LD_PRELOAD,SUCCESS,queens=14200
20260904-084700,NQU,FAULT_CONFIG_PATH,FAULT_EXPERIMENT_NAME,LD_PRELOAD,SUCCESS,queens=14200
20260904-084701,NQU,FAULT_CONFIG_PATH,FAULT_EXPERIMENT_NAME,LD_PRELOAD,SUCCESS,queens=14200
20260904-084701,NQU,FAULT_CONFIG_PATH,FAULT_EXPERIMENT_NAME,LD_PRELOAD,SUCCESS,queens=14200
20260904-084702,NQU,FAULT_CONFIG_PATH,FAULT_EXPERIMENT_NAME,LD_PRELOAD,SUCCESS,queens=14200
20260904-084703,NQU,FAULT_CONFIG_PATH,FAULT_EXPERIMENT_NAME,LD_PRELOAD,SUCCESS,queens=14200
20260904-084703,NQU,FAULT_CONFIG_PATH,FAULT_EXPERIMENT_NAME,LD_PRELOAD,SUCCESS,queens=14200
20260904-084704,NQU,FAULT_CONFIG_PATH,FAULT_EXPERIMENT_NAME,LD_PRELOAD,SUCCESS,queens=14200
20260904-084705,NQU,FAULT_CONFIG_PATH,FAULT_EXPERIMENT_NAME,LD_PRELOAD,SUCCESS,queens=14200
20260904-084705,NQU,FAULT_CONFIG_PATH,FAULT_EXPERIMENT_NAME,LD_PRELOAD,SUCCESS,queens=14200
20260904-084706,NQU,FAULT_CONFIG_PATH,FAULT_EXPERIMENT_NAME,LD_PRELOAD,SUCCESS,queens=14200
20260904-084706,NQU,FAULT_CONFIG_PATH,FAULT_EXPERIMENT_NAME,LD_PRELOAD,SUCCESS,queens=14200
20260904-084707,NQU,FAULT_CONFIG_PATH,FAULT_EXPERIMENT_NAME,LD_PRELOAD,SUCCESS,queens=14200
20260904-084707,NQU,FAULT_CONFIG_PATH,FAULT_EXPERIMENT_NAME,LD_PRELOAD,SUCCESS,queens=14200
20260904-084708,NQU,FAULT_CONFIG_PATH,FAULT_EXPERIMENT_NAME,LD_PRELOAD,SUCCESS,queens=14200
20260904-084708,NQU,FAULT_CONFIG_PATH,FAULT_EXPERIMENT_NAME,LD_PRELOAD,SUCCESS,queens=14200
20260904-084709,NQU,FAULT_CONFIG_PATH,FAULT_EXPERIMENT_NAME,LD_PRELOAD,SUCCESS,queens=14200
20260904-084709,NQU,FAULT_CONFIG_PATH,FAULT_EXPERIMENT_NAME,LD_PRELOAD,SUCCESS,queens=14200
20260904-084710,NQU,FAULT_CONFIG_PATH,FAULT_EXPERIMENT_NAME,LD_PRELOAD,SUCCESS,queens=14200
20260904-084710,NQU,FAULT_CONFIG_PATH,FAULT_EXPERIMENT_NAME,LD_PRELOAD,SUCCESS,queens=14200
20260904-084711,NQU,FAULT_CONFIG_PATH,FAULT_EXPERIMENT_NAME,LD_PRELOAD,SUCCESS,queens=14200
20260904-084712,NQU,FAULT_CONFIG_PATH,FAULT_EXPERIMENT_NAME,LD_PRELOAD,SUCCESS,queens=14200
20260904-084712,NQU,FAULT_CONFIG_PATH,FAULT_EXPERIMENT_NAME,LD_PRELOAD,SUCCESS,queens=14200
20260904-084713,NQU,FAULT_CONFIG_PATH,FAULT_EXPERIMENT_NAME,LD_PRELOAD,SUCCESS,queens=14200
20260904-084714,NQU,FAULT_CONFIG_PATH,FAULT_EXPERIMENT_NAME,LD_PRELOAD,SUCCESS,queens=14200
20260904-084714,NQU,FAULT_CONFIG_PATH,FAULT_EXPERIMENT_NAME,LD_PRELOAD,SUCCESS,queens=14200
20260904-084715,NQU,FAULT_CONFIG_PATH,FAULT_EXPERIMENT_NAME,LD_PRELOAD,SUCCESS,queens=14200
20260904-084716,NQU,FAULT_CONFIG_PATH,FAULT_EXPERIMENT_NAME,LD_PRELOAD,SUCCESS,queens=14200
20260904-084716,NQU,FAULT_CONFIG_PATH,FAULT_EXPERIMENT_NAME,LD_PRELOAD,SUCCESS,queens=14200
20260904-084717,NQU,FAULT_CONFIG_PATH,FAULT_EXPERIMENT_NAME,LD_PRELOAD,SUCCESS,queens=14200
20260904-084718,NQU,FAULT_CONFIG_PATH,FAULT_EXPERIMENT_NAME,LD_PRELOAD,SUCCESS,queens=14200
20260904-084718,NQU,FAULT_CONFIG_PATH,FAULT_EXPERIMENT_NAME,LD_PRELOAD,SUCCESS,queens=14200
20260904-084719,NQU,FAULT_CONFIG_PATH,FAULT_EXPERIMENT_NAME,LD_PRELOAD,SUCCESS,queens=14200
20260904-084720,NQU,FAULT_CONFIG_PATH,FAULT_EXPERIMENT_NAME,LD_PRELOAD,SUCCESS,queens=14200
20260904-084720,NQU,FAULT_CONFIG_PATH,FAULT_EXPERIMENT_NAME,LD_PRELOAD,SUCCESS,queens=14200
20260904-084721,NQU,FAULT_CONFIG_PATH,FAULT_EXPERIMENT_NAME,LD_PRELOAD,SUCCESS,queens=14200
20260904-084722,NQU,FAULT_CONFIG_PATH,FAULT_EXPERIMENT_NAME,LD_PRELOAD,SUCCESS,queens=14200
20260904-084722,NQU,FAULT_CONFIG_PATH,FAULT_EXPERIMENT_NAME,LD_PRELOAD,SUCCESS,queens=14200
20260904-084723,NQU,FAULT_CONFIG_PATH,FAULT_EXPERIMENT_NAME,LD_PRELOAD,SUCCESS,queens=14200
20260904-084724,NQU,FAULT_CONFIG_PATH,FAULT_EXPERIMENT_NAME,LD_PRELOAD,SUCCESS,queens=14200
20260904-084724,NQU,FAULT_CONFIG_PATH,FAULT_EXPERIMENT_NAME,LD_PRELOAD,SUCCESS,queens=14200
20260904-084725,NQU,FAULT_CONFIG_PATH,FAULT_EXPERIMENT_NAME,LD_PRELOAD,SUCCESS,queens=14200
20260904-084726,NQU,FAULT_CONFIG_PATH,FAULT_EXPERIMENT_NAME,LD_PRELOAD,SUCCESS,queens=14200
20260904-084726,NQU,FAULT_CONFIG_PATH,FAULT_EXPERIMENT_NAME,LD_PRELOAD,SUCCESS,queens=14200
20260904-084727,NQU,FAULT_CONFIG_PATH,FAULT_EXPERIMENT_NAME,LD_PRELOAD,SUCCESS,queens=14200
20260904-084727,NQU,FAULT_CONFIG_PATH,FAULT_EXPERIMENT_NAME,LD_PRELOAD,SUCCESS,queens=14200
20260904-084729,NQU,FAULT_CONFIG_PATH,FAULT_EXPERIMENT_NAME,LD_PRELOAD,SUCCESS,queens=14200
20260904-084729,NQU,FAULT_CONFIG_PATH,FAULT_EXPERIMENT_NAME,LD_PRELOAD,SUCCESS,queens=14200
20260904-084730,NQU,FAULT_CONFIG_PATH,FAULT_EXPERIMENT_NAME,LD_PRELOAD,SUCCESS,queens=14200
20260904-084730,NQU,FAULT_CONFIG_PATH,FAULT_EXPERIMENT_NAME,LD_PRELOAD,SUCCESS,queens=14200
20260904-084731,NQU,FAULT_CONFIG_PATH,FAULT_EXPERIMENT_NAME,LD_PRELOAD,SUCCESS,queens=14200
20260904-084731,NQU,FAULT_CONFIG_PATH,FAULT_EXPERIMENT_NAME,LD_PRELOAD,SUCCESS,queens=14200
20260904-084732,NQU,FAULT_CONFIG_PATH,FAULT_EXPERIMENT_NAME,LD_PRELOAD,SUCCESS,queens=14200
20260904-084733,NQU,FAULT_CONFIG_PATH,FAULT_EXPERIMENT_NAME,LD_PRELOAD,SUCCESS,queens=14200
20260904-084733,NQU,FAULT_CONFIG_PATH,FAULT_EXPERIMENT_NAME,LD_PRELOAD,SUCCESS,queens=14200
20260904-084734,NQU,FAULT_CONFIG_PATH,FAULT_EXPERIMENT_NAME,LD_PRELOAD,SUCCESS,queens=14200
20260904-084734,NQU,FAULT_CONFIG_PATH,FAULT_EXPERIMENT_NAME,LD_PRELOAD,SUCCESS,queens=14200
20260904-084735,NQU,FAULT_CONFIG_PATH,FAULT_EXPERIMENT_NAME,LD_PRELOAD,SUCCESS,queens=14200
20260904-084736,NQU,FAULT_CONFIG_PATH,FAULT_EXPERIMENT_NAME,LD_PRELOAD,SUCCESS,queens=14200
20260904-084736,NQU,FAULT_CONFIG_PATH,FAULT_EXPERIMENT_NAME,LD_PRELOAD,SUCCESS,queens=14200
20260904-084737,NQU,FAULT_CONFIG_PATH,FAULT_EXPERIMENT_NAME,LD_PRELOAD,SUCCESS,queens=14200
20260904-084737,NQU,FAULT_CONFIG_PATH,FAULT_EXPERIMENT_NAME,LD_PRELOAD,SUCCESS,queens=14200
20260904-084738,NQU,FAULT_CONFIG_PATH,FAULT_EXPERIMENT_NAME,LD_PRELOAD,SUCCESS,queens=14200
20260904-084738,NQU,FAULT_CONFIG_PATH,FAULT_EXPERIMENT_NAME,LD_PRELOAD,SUCCESS,queens=14200
20260904-084739,NQU,FAULT_CONFIG_PATH,FAULT_EXPERIMENT_NAME,LD_PRELOAD,SUCCESS,queens=14200
20260904-084740,NQU,FAULT_CONFIG_PATH,FAULT_EXPERIMENT_NAME,LD_PRELOAD,SUCCESS,queens=14200
20260904-084740,NQU,FAULT_CONFIG_PATH,FAULT_EXPERIMENT_NAME,LD_PRELOAD,SUCCESS,queens=14200
20260904-084741,NQU,FAULT_CONFIG_PATH,FAULT_EXPERIMENT_NAME,LD_PRELOAD,SUCCESS,queens=14200
20260904-084741,NQU,FAULT_CONFIG_PATH,FAULT_EXPERIMENT_NAME,LD_PRELOAD,SUCCESS,queens=14200
20260904-084742,NQU,FAULT_CONFIG_PATH,FAULT_EXPERIMENT_NAME,LD_PRELOAD,SUCCESS,queens=14200
20260904-084743,NQU,FAULT_CONFIG_PATH,FAULT_EXPERIMENT_NAME,LD_PRELOAD,SUCCESS,queens=14200
20260904-084743,NQU,FAULT_CONFIG_PATH,FAULT_EXPERIMENT_NAME,LD_PRELOAD,SUCCESS,queens=14200
20260904-084744,NQU,FAULT_CONFIG_PATH,FAULT_EXPERIMENT_NAME,LD_PRELOAD,SUCCESS,queens=14200
20260904-084745,NQU,FAULT_CONFIG_PATH,FAULT_EXPERIMENT_NAME,LD_PRELOAD,SUCCESS,queens=14200
20260904-084745,NQU,FAULT_CONFIG_PATH,FAULT_EXPERIMENT_NAME,LD_PRELOAD,SUCCESS,queens=14200
20260904-084746,NQU,FAULT_CONFIG_PATH,FAULT_EXPERIMENT_NAME,LD_PRELOAD,SUCCESS,queens=14200
20260904-084746,NQU,FAULT_CONFIG_PATH,FAULT_EXPERIMENT_NAME,LD_PRELOAD,SUCCESS,queens=14200
20260904-084747,NQU,FAULT_CONFIG_PATH,FAULT_EXPERIMENT_NAME,LD_PRELOAD,SUCCESS,queens=14200
20260904-084748,NQU,FAULT_CONFIG_PATH,FAULT_EXPERIMENT_NAME,LD_PRELOAD,SUCCESS,queens=14200
20260904-084748,NQU,FAULT_CONFIG_PATH,FAULT_EXPERIMENT_NAME,LD_PRELOAD,SUCCESS,queens=14200
20260904-084749,NQU,FAULT_CONFIG_PATH,FAULT_EXPERIMENT_NAME,LD_PRELOAD,SUCCESS,queens=14200
20260904-084750,NQU,FAULT_CONFIG_PATH,FAULT_EXPERIMENT_NAME,LD_PRELOAD,SUCCESS,queens=14200
20260904-084750,NQU,FAULT_CONFIG_PATH,FAULT_EXPERIMENT_NAME,LD_PRELOAD,SUCCESS,queens=14200
20260904-084751,NQU,FAULT_CONFIG_PATH,FAULT_EXPERIMENT_NAME,LD_PRELOAD,SUCCESS,queens=14200
20260904-084751,NQU,FAULT_CONFIG_PATH,FAULT_EXPERIMENT_NAME,LD_PRELOAD,SUCCESS,queens=14200
20260904-084752,NQU,FAULT_CONFIG_PATH,FAULT_EXPERIMENT_NAME,LD_PRELOAD,SUCCESS,queens=14200
20260904-084753,NQU,FAULT_CONFIG_PATH,FAULT_EXPERIMENT_NAME,LD_PRELOAD,SUCCESS,queens=14200
20260904-084753,NQU,FAULT_CONFIG_PATH,FAULT_EXPERIMENT_NAME,LD_PRELOAD,SUCCESS,queens=14200
20260904-084754,NQU,FAULT_CONFIG_PATH,FAULT_EXPERIMENT_NAME,LD_PRELOAD,SUCCESS,queens=14200
20260904-084755,NQU,FAULT_CONFIG_PATH,FAULT_EXPERIMENT_NAME,LD_PRELOAD,SUCCESS,queens=14200
20260904-084755,NQU,FAULT_CONFIG_PATH,FAULT_EXPERIMENT_NAME,LD_PRELOAD,SUCCESS,queens=14200
20260904-084756,NQU,FAULT_CONFIG_PATH,FAULT_EXPERIMENT_NAME,LD_PRELOAD,SUCCESS,queens=14200
20260904-084757,NQU,FAULT_CONFIG_PATH,FAULT_EXPERIMENT_NAME,LD_PRELOAD,SUCCESS,queens=14200
20260904-084757,NQU,FAULT_CONFIG_PATH,FAULT_EXPERIMENT_NAME,LD_PRELOAD,SUCCESS,queens=14200
20260904-084758,NQU,FAULT_CONFIG_PATH,FAULT_EXPERIMENT_NAME,LD_PRELOAD,SUCCESS,queens=14200
20260904-084758,NQU,FAULT_CONFIG_PATH,FAULT_EXPERIMENT_NAME,LD_PRELOAD,SUCCESS,queens=14200
20260904-084759,NQU,FAULT_CONFIG_PATH,FAULT_EXPERIMENT_NAME,LD_PRELOAD,SUCCESS,queens=14200
20260904-084800,NQU,FAULT_CONFIG_PATH,FAULT_EXPERIMENT_NAME,LD_PRELOAD,SUCCESS,queens=14200
20260904-084800,NQU,FAULT_CONFIG_PATH,FAULT_EXPERIMENT_NAME,LD_PRELOAD,SUCCESS,queens=14200
20260904-084801,NQU,FAULT_CONFIG_PATH,FAULT_EXPERIMENT_NAME,LD_PRELOAD,SUCCESS,queens=14200
20260904-084802,NQU,FAULT_CONFIG_PATH,FAULT_EXPERIMENT_NAME,LD_PRELOAD,SUCCESS,queens=14200
20260904-084803,NQU,FAULT_CONFIG_PATH,FAULT_EXPERIMENT_NAME,LD_PRELOAD,SUCCESS,queens=14200
20260904-084803,NQU,FAULT_CONFIG_PATH,FAULT_EXPERIMENT_NAME,LD_PRELOAD,SUCCESS,queens=14200
20260904-084804,NQU,FAULT_CONFIG_PATH,FAULT_EXPERIMENT_NAME,LD_PRELOAD,SUCCESS,queens=14200
20260904-084804,NQU,FAULT_CONFIG_PATH,FAULT_EXPERIMENT_NAME,LD_PRELOAD,SUCCESS,queens=14200
20260904-084805,NQU,FAULT_CONFIG_PATH,FAULT_EXPERIMENT_NAME,LD_PRELOAD,SUCCESS,queens=14200
20260904-084805,NQU,FAULT_CONFIG_PATH,FAULT_EXPERIMENT_NAME,LD_PRELOAD,SUCCESS,queens=14200
20260904-084806,NQU,FAULT_CONFIG_PATH,FAULT_EXPERIMENT_NAME,LD_PRELOAD,SUCCESS,queens=14200
20260904-084807,NQU,FAULT_CONFIG_PATH,FAULT_EXPERIMENT_NAME,LD_PRELOAD,SUCCESS,queens=14200
20260904-084807,NQU,FAULT_CONFIG_PATH,FAULT_EXPERIMENT_NAME,LD_PRELOAD,SUCCESS,queens=14200
20260904-084808,NQU,FAULT_CONFIG_PATH,FAULT_EXPERIMENT_NAME,LD_PRELOAD,SUCCESS,queens=14200
20260904-084809,NQU,FAULT_CONFIG_PATH,FAULT_EXPERIMENT_NAME,LD_PRELOAD,SUCCESS,queens=14200
20260904-084809,NQU,FAULT_CONFIG_PATH,FAULT_EXPERIMENT_NAME,LD_PRELOAD,SUCCESS,queens=14200
20260904-084810,NQU,FAULT_CONFIG_PATH,FAULT_EXPERIMENT_NAME,LD_PRELOAD,SUCCESS,queens=14200
20260904-084810,NQU,FAULT_CONFIG_PATH,FAULT_EXPERIMENT_NAME,LD_PRELOAD,SUCCESS,queens=14200
20260904-084811,NQU,FAULT_CONFIG_PATH,FAULT_EXPERIMENT_NAME,LD_PRELOAD,SUCCESS,queens=14200
20260904-084811,NQU,FAULT_CONFIG_PATH,FAULT_EXPERIMENT_NAME,LD_PRELOAD,SUCCESS,queens=14200
20260904-084812,NQU,FAULT_CONFIG_PATH,FAULT_EXPERIMENT_NAME,LD_PRELOAD,SUCCESS,queens=14200
20260904-084812,NQU,FAULT_CONFIG_PATH,FAULT_EXPERIMENT_NAME,LD_PRELOAD,SUCCESS,queens=14200
20260904-084813,NQU,FAULT_CONFIG_PATH,FAULT_EXPERIMENT_NAME,LD_PRELOAD,SUCCESS,queens=14200
20260904-084813,NQU,FAULT_CONFIG_PATH,FAULT_EXPERIMENT_NAME,LD_PRELOAD,SUCCESS,queens=14200
20260904-084814,NQU,FAULT_CONFIG_PATH,FAULT_EXPERIMENT_NAME,LD_PRELOAD,SUCCESS,queens=14200
20260904-084815,NQU,FAULT_CONFIG_PATH,FAULT_EXPERIMENT_NAME,LD_PRELOAD,SUCCESS,queens=14200
20260904-084815,NQU,FAULT_CONFIG_PATH,FAULT_EXPERIMENT_NAME,LD_PRELOAD,SUCCESS,queens=14200
20260904-084816,NQU,FAULT_CONFIG_PATH,FAULT_EXPERIMENT_NAME,LD_PRELOAD,SUCCESS,queens=14200
20260904-084816,NQU,FAULT_CONFIG_PATH,FAULT_EXPERIMENT_NAME,LD_PRELOAD,SUCCESS,queens=14200
20260904-084817,NQU,FAULT_CONFIG_PATH,FAULT_EXPERIMENT_NAME,LD_PRELOAD,SUCCESS,queens=14200
20260904-084817,NQU,FAULT_CONFIG_PATH,FAULT_EXPERIMENT_NAME,LD_PRELOAD,SUCCESS,queens=14200
20260904-084818,NQU,FAULT_CONFIG_PATH,FAULT_EXPERIMENT_NAME,LD_PRELOAD,SUCCESS,queens=14200
20260904-084818,NQU,FAULT_CONFIG_PATH,FAULT_EXPERIMENT_NAME,LD_PRELOAD,SUCCESS,queens=14200
20260904-084819,NQU,FAULT_CONFIG_PATH,FAULT_EXPERIMENT_NAME,LD_PRELOAD,SUCCESS,queens=14200
20260904-084820,NQU,FAULT_CONFIG_PATH,FAULT_EXPERIMENT_NAME,LD_PRELOAD,SUCCESS,queens=14200
20260904-084820,NQU,FAULT_CONFIG_PATH,FAULT_EXPERIMENT_NAME,LD_PRELOAD,SUCCESS,queens=14200
20260904-084821,NQU,FAULT_CONFIG_PATH,FAULT_EXPERIMENT_NAME,LD_PRELOAD,SUCCESS,queens=14200
20260904-084822,NQU,FAULT_CONFIG_PATH,FAULT_EXPERIMENT_NAME,LD_PRELOAD,SUCCESS,queens=14200
20260904-084822,NQU,FAULT_CONFIG_PATH,FAULT_EXPERIMENT_NAME,LD_PRELOAD,SUCCESS,queens=14200
20260904-084823,NQU,FAULT_CONFIG_PATH,FAULT_EXPERIMENT_NAME,LD_PRELOAD,SUCCESS,queens=14200
20260904-084824,NQU,FAULT_CONFIG_PATH,FAULT_EXPERIMENT_NAME,LD_PRELOAD,SUCCESS,queens=14200
20260904-084824,NQU,FAULT_CONFIG_PATH,FAULT_EXPERIMENT_NAME,LD_PRELOAD,SUCCESS,queens=14200
20260904-084825,NQU,FAULT_CONFIG_PATH,FAULT_EXPERIMENT_NAME,LD_PRELOAD,SUCCESS,queens=14200
20260904-084825,NQU,FAULT_CONFIG_PATH,FAULT_EXPERIMENT_NAME,LD_PRELOAD,SUCCESS,queens=14200
20260904-084826,NQU,FAULT_CONFIG_PATH,FAULT_EXPERIMENT_NAME,LD_PRELOAD,SUCCESS,queens=14200
20260904-084827,NQU,FAULT_CONFIG_PATH,FAULT_EXPERIMENT_NAME,LD_PRELOAD,SUCCESS,queens=14200
20260904-084827,NQU,FAULT_CONFIG_PATH,FAULT_EXPERIMENT_NAME,LD_PRELOAD,SUCCESS,queens=14200
20260904-084828,NQU,FAULT_CONFIG_PATH,FAULT_EXPERIMENT_NAME,LD_PRELOAD,SUCCESS,queens=14200
20260904-084828,NQU,FAULT_CONFIG_PATH,FAULT_EXPERIMENT_NAME,LD_PRELOAD,SUCCESS,queens=14200
20260904-084829,NQU,FAULT_CONFIG_PATH,FAULT_EXPERIMENT_NAME,LD_PRELOAD,SUCCESS,queens=14200
20260904-084829,NQU,FAULT_CONFIG_PATH,FAULT_EXPERIMENT_NAME,LD_PRELOAD,SUCCESS,queens=14200
20260904-084830,NQU,FAULT_CONFIG_PATH,FAULT_EXPERIMENT_NAME,LD_PRELOAD,SUCCESS,queens=14200
20260904-084831,NQU,FAULT_CONFIG_PATH,FAULT_EXPERIMENT_NAME,LD_PRELOAD,SUCCESS,queens=14200
20260904-084831,NQU,FAULT_CONFIG_PATH,FAULT_EXPERIMENT_NAME,LD_PRELOAD,SUCCESS,queens=14200
20260904-084832,NQU,FAULT_CONFIG_PATH,FAULT_EXPERIMENT_NAME,LD_PRELOAD,SUCCESS,queens=14200
20260904-084832,NQU,FAULT_CONFIG_PATH,FAULT_EXPERIMENT_NAME,LD_PRELOAD,SUCCESS,queens=14200
20260904-084833,NQU,FAULT_CONFIG_PATH,FAULT_EXPERIMENT_NAME,LD_PRELOAD,SUCCESS,queens=14200
20260904-084834,NQU,FAULT_CONFIG_PATH,FAULT_EXPERIMENT_NAME,LD_PRELOAD,SUCCESS,queens=14200
20260904-084835,NQU,FAULT_CONFIG_PATH,FAULT_EXPERIMENT_NAME,LD_PRELOAD,SUCCESS,queens=14200
20260904-084836,NQU,FAULT_CONFIG_PATH,FAULT_EXPERIMENT_NAME,LD_PRELOAD,SUCCESS,queens=14200
20260904-084836,NQU,FAULT_CONFIG_PATH,FAULT_EXPERIMENT_NAME,LD_PRELOAD,SUCCESS,queens=14200
20260904-084837,NQU,FAULT_CONFIG_PATH,FAULT_EXPERIMENT_NAME,LD_PRELOAD,SUCCESS,queens=14200
20260904-084837,NQU,FAULT_CONFIG_PATH,FAULT_EXPERIMENT_NAME,LD_PRELOAD,SUCCESS,queens=14200
20260904-084838,NQU,FAULT_CONFIG_PATH,FAULT_EXPERIMENT_NAME,LD_PRELOAD,SUCCESS,queens=14200
20260904-084839,NQU,FAULT_CONFIG_PATH,FAULT_EXPERIMENT_NAME,LD_PRELOAD,SUCCESS,queens=14200
20260904-084839,NQU,FAULT_CONFIG_PATH,FAULT_EXPERIMENT_NAME,LD_PRELOAD,SUCCESS,queens=14200
20260904-084840,NQU,FAULT_CONFIG_PATH,FAULT_EXPERIMENT_NAME,LD_PRELOAD,SUCCESS,queens=14200
20260904-084840,NQU,FAULT_CONFIG_PATH,FAULT_EXPERIMENT_NAME,LD_PRELOAD,SUCCESS,queens=14200
20260904-084841,NQU,FAULT_CONFIG_PATH,FAULT_EXPERIMENT_NAME,LD_PRELOAD,SUCCESS,queens=14200
20260904-084841,NQU,FAULT_CONFIG_PATH,FAULT_EXPERIMENT_NAME,LD_PRELOAD,SUCCESS,queens=14200
20260904-084842,NQU,FAULT_CONFIG_PATH,FAULT_EXPERIMENT_NAME,LD_PRELOAD,SUCCESS,queens=14200
20260904-084842,NQU,FAULT_CONFIG_PATH,FAULT_EXPERIMENT_NAME,LD_PRELOAD,SUCCESS,queens=14200
20260904-084843,NQU,FAULT_CONFIG_PATH,FAULT_EXPERIMENT_NAME,LD_PRELOAD,SUCCESS,queens=14200
20260904-084843,NQU,FAULT_CONFIG_PATH,FAULT_EXPERIMENT_NAME,LD_PRELOAD,SUCCESS,queens=14200
20260904-084844,NQU,FAULT_CONFIG_PATH,FAULT_EXPERIMENT_NAME,LD_PRELOAD,SUCCESS,queens=14200
20260904-084845,NQU,FAULT_CONFIG_PATH,FAULT_EXPERIMENT_NAME,LD_PRELOAD,SUCCESS,queens=14200
20260904-084845,NQU,FAULT_CONFIG_PATH,FAULT_EXPERIMENT_NAME,LD_PRELOAD,SUCCESS,queens=14200
20260904-084846,NQU,FAULT_CONFIG_PATH,FAULT_EXPERIMENT_NAME,LD_PRELOAD,SUCCESS,queens=14200
20260904-084846,NQU,FAULT_CONFIG_PATH,FAULT_EXPERIMENT_NAME,LD_PRELOAD,SUCCESS,queens=14200
20260904-084847,NQU,FAULT_CONFIG_PATH,FAULT_EXPERIMENT_NAME,LD_PRELOAD,SUCCESS,queens=14200
20260904-084848,NQU,FAULT_CONFIG_PATH,FAULT_EXPERIMENT_NAME,LD_PRELOAD,SUCCESS,queens=14200
20260904-084848,NQU,FAULT_CONFIG_PATH,FAULT_EXPERIMENT_NAME,LD_PRELOAD,SUCCESS,queens=14200
20260904-084849,NQU,FAULT_CONFIG_PATH,FAULT_EXPERIMENT_NAME,LD_PRELOAD,SUCCESS,queens=14200
20260904-084850,NQU,FAULT_CONFIG_PATH,FAULT_EXPERIMENT_NAME,LD_PRELOAD,SUCCESS,queens=14200
20260904-084850,NQU,FAULT_CONFIG_PATH,FAULT_EXPERIMENT_NAME,LD_PRELOAD,SUCCESS,queens=14200
20260904-084851,NQU,FAULT_CONFIG_PATH,FAULT_EXPERIMENT_NAME,LD_PRELOAD,SUCCESS,queens=14200
20260904-084852,NQU,FAULT_CONFIG_PATH,FAULT_EXPERIMENT_NAME,LD_PRELOAD,SUCCESS,queens=14200
20260904-084852,NQU,FAULT_CONFIG_PATH,FAULT_EXPERIMENT_NAME,LD_PRELOAD,SUCCESS,queens=14200
20260904-084853,NQU,FAULT_CONFIG_PATH,FAULT_EXPERIMENT_NAME,LD_PRELOAD,SUCCESS,queens=14200
20260904-084853,NQU,FAULT_CONFIG_PATH,FAULT_EXPERIMENT_NAME,LD_PRELOAD,SUCCESS,queens=14200
20260904-084854,NQU,FAULT_CONFIG_PATH,FAULT_EXPERIMENT_NAME,LD_PRELOAD,SUCCESS,queens=14200
20260904-084855,NQU,FAULT_CONFIG_PATH,FAULT_EXPERIMENT_NAME,LD_PRELOAD,SUCCESS,queens=14200
20260904-084855,NQU,FAULT_CONFIG_PATH,FAULT_EXPERIMENT_NAME,LD_PRELOAD,SUCCESS,queens=14200
20260904-084856,NQU,FAULT_CONFIG_PATH,FAULT_EXPERIMENT_NAME,LD_PRELOAD,SUCCESS,queens=14200
20260904-084856,NQU,FAULT_CONFIG_PATH,FAULT_EXPERIMENT_NAME,LD_PRELOAD,SUCCESS,queens=14200
20260904-084857,NQU,FAULT_CONFIG_PATH,FAULT_EXPERIMENT_NAME,LD_PRELOAD,SUCCESS,queens=14200
20260904-084858,NQU,FAULT_CONFIG_PATH,FAULT_EXPERIMENT_NAME,LD_PRELOAD,SUCCESS,queens=14200
20260904-084858,NQU,FAULT_CONFIG_PATH,FAULT_EXPERIMENT_NAME,LD_PRELOAD,SUCCESS,queens=14200
20260904-084859,NQU,FAULT_CONFIG_PATH,FAULT_EXPERIMENT_NAME,LD_PRELOAD,SUCCESS,queens=14200
20260904-084859,NQU,FAULT_CONFIG_PATH,FAULT_EXPERIMENT_NAME,LD_PRELOAD,SUCCESS,queens=14200
20260904-084900,NQU,FAULT_CONFIG_PATH,FAULT_EXPERIMENT_NAME,LD_PRELOAD,SUCCESS,queens=14200
20260904-084900,NQU,FAULT_CONFIG_PATH,FAULT_EXPERIMENT_NAME,LD_PRELOAD,SUCCESS,queens=14200
20260904-084901,NQU,FAULT_CONFIG_PATH,FAULT_EXPERIMENT_NAME,LD_PRELOAD,SUCCESS,queens=14200
20260904-084901,NQU,FAULT_CONFIG_PATH,FAULT_EXPERIMENT_NAME,LD_PRELOAD,SUCCESS,queens=14200
20260904-084902,NQU,FAULT_CONFIG_PATH,FAULT_EXPERIMENT_NAME,LD_PRELOAD,SUCCESS,queens=14200
20260904-084902,NQU,FAULT_CONFIG_PATH,FAULT_EXPERIMENT_NAME,LD_PRELOAD,SUCCESS,queens=14200
20260904-084903,NQU,FAULT_CONFIG_PATH,FAULT_EXPERIMENT_NAME,LD_PRELOAD,SUCCESS,queens=14200
20260904-084903,NQU,FAULT_CONFIG_PATH,FAULT_EXPERIMENT_NAME,LD_PRELOAD,SUCCESS,queens=14200
20260904-084904,NQU,FAULT_CONFIG_PATH,FAULT_EXPERIMENT_NAME,LD_PRELOAD,SUCCESS,queens=14200
20260904-084905,NQU,FAULT_CONFIG_PATH,FAULT_EXPERIMENT_NAME,LD_PRELOAD,SUCCESS,queens=14200
20260904-084905,NQU,FAULT_CONFIG_PATH,FAULT_EXPERIMENT_NAME,LD_PRELOAD,SUCCESS,queens=14200
20260904-084906,NQU,FAULT_CONFIG_PATH,FAULT_EXPERIMENT_NAME,LD_PRELOAD,SUCCESS,queens=14200
20260904-084906,NQU,FAULT_CONFIG_PATH,FAULT_EXPERIMENT_NAME,LD_PRELOAD,SUCCESS,queens=14200
20260904-084907,NQU,FAULT_CONFIG_PATH,FAULT_EXPERIMENT_NAME,LD_PRELOAD,SUCCESS,queens=14200
20260904-084908,NQU,FAULT_CONFIG_PATH,FAULT_EXPERIMENT_NAME,LD_PRELOAD,SUCCESS,queens=14200
20260904-084909,NQU,FAULT_CONFIG_PATH,FAULT_EXPERIMENT_NAME,LD_PRELOAD,SUCCESS,queens=14200
20260904-084909,NQU,FAULT_CONFIG_PATH,FAULT_EXPERIMENT_NAME,LD_PRELOAD,SUCCESS,queens=14200
20260904-084910,NQU,FAULT_CONFIG_PATH,FAULT_EXPERIMENT_NAME,LD_PRELOAD,SUCCESS,queens=14200
20260904-084910,NQU,FAULT_CONFIG_PATH,FAULT_EXPERIMENT_NAME,LD_PRELOAD,SUCCESS,queens=14200
20260904-084911,NQU,FAULT_CONFIG_PATH,FAULT_EXPERIMENT_NAME,LD_PRELOAD,SUCCESS,queens=14200
20260904-084911,NQU,FAULT_CONFIG_PATH,FAULT_EXPERIMENT_NAME,LD_PRELOAD,SUCCESS,queens=14200
20260904-084912,NQU,FAULT_CONFIG_PATH,FAULT_EXPERIMENT_NAME,LD_PRELOAD,SUCCESS,queens=14200
20260904-084912,NQU,FAULT_CONFIG_PATH,FAULT_EXPERIMENT_NAME,LD_PRELOAD,SUCCESS,queens=14200
20260904-084913,NQU,FAULT_CONFIG_PATH,FAULT_EXPERIMENT_NAME,LD_PRELOAD,SUCCESS,queens=14200
20260904-085430,NQU,FAULT_CONFIG_PATH,FAULT_EXPERIMENT_NAME,LD_PRELOAD,SDC,queens=14328 expected=14200
20260904-085431,NQU,FAULT_CONFIG_PATH,FAULT_EXPERIMENT_NAME,LD_PRELOAD,SDC,queens=14328 expected=14200
20260904-085606,NQU,FAULT_CONFIG_PATH,FAULT_EXPERIMENT_NAME,LD_PRELOAD,SUCCESS,queens=14200
20260904-085606,NQU,FAULT_CONFIG_PATH,FAULT_EXPERIMENT_NAME,LD_PRELOAD,SUCCESS,queens=14200
20260904-085607,NQU,FAULT_CONFIG_PATH,FAULT_EXPERIMENT_NAME,LD_PRELOAD,SUCCESS,queens=14200
20260904-085607,NQU,FAULT_CONFIG_PATH,FAULT_EXPERIMENT_NAME,LD_PRELOAD,SUCCESS,queens=14200
20260904-085834,NQU,FAULT_CONFIG_PATH,FAULT_EXPERIMENT_NAME,LD_PRELOAD,SUCCESS,queens=14200
20260904-091725,NQU,FAULT_CONFIG_PATH,FAULT_EXPERIMENT_NAME,LD_PRELOAD,SUCCESS,queens=14200
20260904-091725,NQU,FAULT_CONFIG_PATH,FAULT_EXPERIMENT_NAME,LD_PRELOAD,SDC,queens=14328 expected=14200
20260904-091800,NQU,FAULT_CONFIG_PATH,FAULT_EXPERIMENT_NAME,LD_PRELOAD,SUCCESS,queens=14200
20260904-091801,NQU,FAULT_CONFIG_PATH,FAULT_EXPERIMENT_NAME,LD_PRELOAD,SUCCESS,queens=14200
20260904-091802,NQU,FAULT_CONFIG_PATH,FAULT_EXPERIMENT_NAME,LD_PRELOAD,SUCCESS,queens=14200
20260904-091802,NQU,FAULT_CONFIG_PATH,FAULT_EXPERIMENT_NAME,LD_PRELOAD,SUCCESS,queens=14200
20260904-091803,NQU,FAULT_CONFIG_PATH,FAULT_EXPERIMENT_NAME,LD_PRELOAD,SUCCESS,queens=14200
20260904-091803,NQU,FAULT_CONFIG_PATH,FAULT_EXPERIMENT_NAME,LD_PRELOAD,SUCCESS,queens=14200
20260904-091804,NQU,FAULT_CONFIG_PATH,FAULT_EXPERIMENT_NAME,LD_PRELOAD,SUCCESS,queens=14200
20260904-091804,NQU,FAULT_CONFIG_PATH,FAULT_EXPERIMENT_NAME,LD_PRELOAD,SUCCESS,queens=14200
20260904-091805,NQU,FAULT_CONFIG_PATH,FAULT_EXPERIMENT_NAME,LD_PRELOAD,SUCCESS,queens=14200
20260904-091806,NQU,FAULT_CONFIG_PATH,FAULT_EXPERIMENT_NAME,LD_PRELOAD,SUCCESS,queens=14200
20260904-091806,NQU,FAULT_CONFIG_PATH,FAULT_EXPERIMENT_NAME,LD_PRELOAD,SUCCESS,queens=14200
20260904-091807,NQU,FAULT_CONFIG_PATH,FAULT_EXPERIMENT_NAME,LD_PRELOAD,SUCCESS,queens=14200
20260904-091807,NQU,FAULT_CONFIG_PATH,FAULT_EXPERIMENT_NAME,LD_PRELOAD,SUCCESS,queens=14200
20260904-091808,NQU,FAULT_CONFIG_PATH,FAULT_EXPERIMENT_NAME,LD_PRELOAD,SUCCESS,queens=14200
20260904-091808,NQU,FAULT_CONFIG_PATH,FAULT_EXPERIMENT_NAME,LD_PRELOAD,SUCCESS,queens=14200
20260904-091808,NQU,FAULT_CONFIG_PATH,FAULT_EXPERIMENT_NAME,LD_PRELOAD,CUDA_ERROR,Cuda error in function 'cudaDeviceSynchronize()' file 'fault_injector.cu' in line 670 : an illegal memory access was enc
20260904-091809,NQU,FAULT_CONFIG_PATH,FAULT_EXPERIMENT_NAME,LD_PRELOAD,CUDA_ERROR,Cuda error in function 'cudaDeviceSynchronize()' file 'fault_injector.cu' in line 670 : an illegal memory access was enc
20260904-091809,NQU,FAULT_CONFIG_PATH,FAULT_EXPERIMENT_NAME,LD_PRELOAD,CUDA_ERROR,Cuda error in function 'cudaDeviceSynchronize()' file 'fault_injector.cu' in line 670 : an illegal memory access was enc
20260904-091810,NQU,FAULT_CONFIG_PATH,FAULT_EXPERIMENT_NAME,LD_PRELOAD,CUDA_ERROR,Cuda error in function 'cudaDeviceSynchronize()' file 'fault_injector.cu' in line 670 : an illegal memory access was enc
20260904-091813,NQU,FAULT_CONFIG_PATH,FAULT_EXPERIMENT_NAME,LD_PRELOAD,CUDA_ERROR,Cuda error in function 'cudaDeviceSynchronize()' file 'fault_injector.cu' in line 670 : an illegal memory access was enc
20260904-091815,NQU,FAULT_CONFIG_PATH,FAULT_EXPERIMENT_NAME,LD_PRELOAD,CUDA_ERROR,Cuda error in function 'cudaDeviceSynchronize()' file 'fault_injector.cu' in line 670 : an illegal memory access was enc
20260904-091816,NQU,FAULT_CONFIG_PATH,FAULT_EXPERIMENT_NAME,LD_PRELOAD,SUCCESS,queens=14200
20260904-091816,NQU,FAULT_CONFIG_PATH,FAULT_EXPERIMENT_NAME,LD_PRELOAD,SUCCESS,queens=14200
20260904-091817,NQU,FAULT_CONFIG_PATH,FAULT_EXPERIMENT_NAME,LD_PRELOAD,SUCCESS,queens=14200
20260904-091817,NQU,FAULT_CONFIG_PATH,FAULT_EXPERIMENT_NAME,LD_PRELOAD,SUCCESS,queens=14200
20260904-091818,NQU,FAULT_CONFIG_PATH,FAULT_EXPERIMENT_NAME,LD_PRELOAD,SUCCESS,queens=14200
20260904-091818,NQU,FAULT_CONFIG_PATH,FAULT_EXPERIMENT_NAME,LD_PRELOAD,SUCCESS,queens=14200
20260904-091819,NQU,FAULT_CONFIG_PATH,FAULT_EXPERIMENT_NAME,LD_PRELOAD,SUCCESS,queens=14200
20260904-091819,NQU,FAULT_CONFIG_PATH,FAULT_EXPERIMENT_NAME,LD_PRELOAD,SUCCESS,queens=14200
20260904-091820,NQU,FAULT_CONFIG_PATH,FAULT_EXPERIMENT_NAME,LD_PRELOAD,SUCCESS,queens=14200
20260904-091820,NQU,FAULT_CONFIG_PATH,FAULT_EXPERIMENT_NAME,LD_PRELOAD,SUCCESS,queens=14200
20260904-091821,NQU,FAULT_CONFIG_PATH,FAULT_EXPERIMENT_NAME,LD_PRELOAD,SUCCESS,queens=14200
20260904-091822,NQU,FAULT_CONFIG_PATH,FAULT_EXPERIMENT_NAME,LD_PRELOAD,SUCCESS,queens=14200
20260904-091822,NQU,FAULT_CONFIG_PATH,FAULT_EXPERIMENT_NAME,LD_PRELOAD,SUCCESS,queens=14200
20260904-091823,NQU,FAULT_CONFIG_PATH,FAULT_EXPERIMENT_NAME,LD_PRELOAD,SUCCESS,queens=14200
20260904-091823,NQU,FAULT_CONFIG_PATH,FAULT_EXPERIMENT_NAME,LD_PRELOAD,SUCCESS,queens=14200
20260904-091824,NQU,FAULT_CONFIG_PATH,FAULT_EXPERIMENT_NAME,LD_PRELOAD,SUCCESS,queens=14200
20260904-091824,NQU,FAULT_CONFIG_PATH,FAULT_EXPERIMENT_NAME,LD_PRELOAD,SUCCESS,queens=14200
20260904-091825,NQU,FAULT_CONFIG_PATH,FAULT_EXPERIMENT_NAME,LD_PRELOAD,SUCCESS,queens=14200
20260904-091826,NQU,FAULT_CONFIG_PATH,FAULT_EXPERIMENT_NAME,LD_PRELOAD,SUCCESS,queens=14200
20260904-091826,NQU,FAULT_CONFIG_PATH,FAULT_EXPERIMENT_NAME,LD_PRELOAD,SUCCESS,queens=14200
20260904-091827,NQU,FAULT_CONFIG_PATH,FAULT_EXPERIMENT_NAME,LD_PRELOAD,SUCCESS,queens=14200
20260904-091827,NQU,FAULT_CONFIG_PATH,FAULT_EXPERIMENT_NAME,LD_PRELOAD,SUCCESS,queens=14200
20260904-091827,NQU,FAULT_CONFIG_PATH,FAULT_EXPERIMENT_NAME,LD_PRELOAD,SUCCESS,queens=14200
20260904-091828,NQU,FAULT_CONFIG_PATH,FAULT_EXPERIMENT_NAME,LD_PRELOAD,SUCCESS,queens=14200
20260904-091829,NQU,FAULT_CONFIG_PATH,FAULT_EXPERIMENT_NAME,LD_PRELOAD,SUCCESS,queens=14200
20260904-091829,NQU,FAULT_CONFIG_PATH,FAULT_EXPERIMENT_NAME,LD_PRELOAD,SUCCESS,queens=14200
20260904-091830,NQU,FAULT_CONFIG_PATH,FAULT_EXPERIMENT_NAME,LD_PRELOAD,SUCCESS,queens=14200
20260904-091830,NQU,FAULT_CONFIG_PATH,FAULT_EXPERIMENT_NAME,LD_PRELOAD,SUCCESS,queens=14200
20260904-091831,NQU,FAULT_CONFIG_PATH,FAULT_EXPERIMENT_NAME,LD_PRELOAD,SUCCESS,queens=14200
20260904-091831,NQU,FAULT_CONFIG_PATH,FAULT_EXPERIMENT_NAME,LD_PRELOAD,SUCCESS,queens=14200
20260904-091832,NQU,FAULT_CONFIG_PATH,FAULT_EXPERIMENT_NAME,LD_PRELOAD,SUCCESS,queens=14200
20260904-091832,NQU,FAULT_CONFIG_PATH,FAULT_EXPERIMENT_NAME,LD_PRELOAD,SUCCESS,queens=14200
20260904-091833,NQU,FAULT_CONFIG_PATH,FAULT_EXPERIMENT_NAME,LD_PRELOAD,SUCCESS,queens=14200
20260904-091833,NQU,FAULT_CONFIG_PATH,FAULT_EXPERIMENT_NAME,LD_PRELOAD,SUCCESS,queens=14200
20260904-091834,NQU,FAULT_CONFIG_PATH,FAULT_EXPERIMENT_NAME,LD_PRELOAD,SUCCESS,queens=14200
20260904-091835,NQU,FAULT_CONFIG_PATH,FAULT_EXPERIMENT_NAME,LD_PRELOAD,SUCCESS,queens=14200
20260904-091835,NQU,FAULT_CONFIG_PATH,FAULT_EXPERIMENT_NAME,LD_PRELOAD,SUCCESS,queens=14200
20260904-091836,NQU,FAULT_CONFIG_PATH,FAULT_EXPERIMENT_NAME,LD_PRELOAD,SUCCESS,queens=14200
20260904-091837,NQU,FAULT_CONFIG_PATH,FAULT_EXPERIMENT_NAME,LD_PRELOAD,SUCCESS,queens=14200
20260904-091839,NQU,FAULT_CONFIG_PATH,FAULT_EXPERIMENT_NAME,LD_PRELOAD,CUDA_ERROR,Cuda error in function 'cudaDeviceSynchronize()' file 'fault_injector.cu' in line 670 : an illegal memory access was enc
20260904-091841,NQU,FAULT_CONFIG_PATH,FAULT_EXPERIMENT_NAME,LD_PRELOAD,CUDA_ERROR,Cuda error in function 'cudaDeviceSynchronize()' file 'fault_injector.cu' in line 670 : an illegal memory access was enc
20260904-091843,NQU,FAULT_CONFIG_PATH,FAULT_EXPERIMENT_NAME,LD_PRELOAD,CUDA_ERROR,Cuda error in function 'cudaDeviceSynchronize()' file 'fault_injector.cu' in line 670 : an illegal memory access was enc
20260904-091844,NQU,FAULT_CONFIG_PATH,FAULT_EXPERIMENT_NAME,LD_PRELOAD,SUCCESS,queens=14200
20260904-091845,NQU,FAULT_CONFIG_PATH,FAULT_EXPERIMENT_NAME,LD_PRELOAD,SUCCESS,queens=14200
20260904-091846,NQU,FAULT_CONFIG_PATH,FAULT_EXPERIMENT_NAME,LD_PRELOAD,SUCCESS,queens=14200
20260904-091846,NQU,FAULT_CONFIG_PATH,FAULT_EXPERIMENT_NAME,LD_PRELOAD,SUCCESS,queens=14200
20260904-091847,NQU,FAULT_CONFIG_PATH,FAULT_EXPERIMENT_NAME,LD_PRELOAD,SUCCESS,queens=14200
20260904-091847,NQU,FAULT_CONFIG_PATH,FAULT_EXPERIMENT_NAME,LD_PRELOAD,SUCCESS,queens=14200
20260904-091848,NQU,FAULT_CONFIG_PATH,FAULT_EXPERIMENT_NAME,LD_PRELOAD,SUCCESS,queens=14200
20260904-091849,NQU,FAULT_CONFIG_PATH,FAULT_EXPERIMENT_NAME,LD_PRELOAD,SUCCESS,queens=14200
20260904-091849,NQU,FAULT_CONFIG_PATH,FAULT_EXPERIMENT_NAME,LD_PRELOAD,SUCCESS,queens=14200
20260904-091850,NQU,FAULT_CONFIG_PATH,FAULT_EXPERIMENT_NAME,LD_PRELOAD,SUCCESS,queens=14200
20260904-091850,NQU,FAULT_CONFIG_PATH,FAULT_EXPERIMENT_NAME,LD_PRELOAD,SUCCESS,queens=14200
20260904-091851,NQU,FAULT_CONFIG_PATH,FAULT_EXPERIMENT_NAME,LD_PRELOAD,SUCCESS,queens=14200
20260904-091852,NQU,FAULT_CONFIG_PATH,FAULT_EXPERIMENT_NAME,LD_PRELOAD,SUCCESS,queens=14200
20260904-091853,NQU,FAULT_CONFIG_PATH,FAULT_EXPERIMENT_NAME,LD_PRELOAD,SUCCESS,queens=14200
20260904-091853,NQU,FAULT_CONFIG_PATH,FAULT_EXPERIMENT_NAME,LD_PRELOAD,SUCCESS,queens=14200
20260904-091854,NQU,FAULT_CONFIG_PATH,FAULT_EXPERIMENT_NAME,LD_PRELOAD,SUCCESS,queens=14200
20260904-091854,NQU,FAULT_CONFIG_PATH,FAULT_EXPERIMENT_NAME,LD_PRELOAD,SUCCESS,queens=14200
20260904-091855,NQU,FAULT_CONFIG_PATH,FAULT_EXPERIMENT_NAME,LD_PRELOAD,SUCCESS,queens=14200
20260904-091856,NQU,FAULT_CONFIG_PATH,FAULT_EXPERIMENT_NAME,LD_PRELOAD,SUCCESS,queens=14200
20260904-091856,NQU,FAULT_CONFIG_PATH,FAULT_EXPERIMENT_NAME,LD_PRELOAD,SUCCESS,queens=14200
20260904-091857,NQU,FAULT_CONFIG_PATH,FAULT_EXPERIMENT_NAME,LD_PRELOAD,SUCCESS,queens=14200
20260904-091857,NQU,FAULT_CONFIG_PATH,FAULT_EXPERIMENT_NAME,LD_PRELOAD,SUCCESS,queens=14200
20260904-091858,NQU,FAULT_CONFIG_PATH,FAULT_EXPERIMENT_NAME,LD_PRELOAD,SUCCESS,queens=14200
20260904-091859,NQU,FAULT_CONFIG_PATH,FAULT_EXPERIMENT_NAME,LD_PRELOAD,SUCCESS,queens=14200
20260904-091859,NQU,FAULT_CONFIG_PATH,FAULT_EXPERIMENT_NAME,LD_PRELOAD,SUCCESS,queens=14200
20260904-091900,NQU,FAULT_CONFIG_PATH,FAULT_EXPERIMENT_NAME,LD_PRELOAD,SUCCESS,queens=14200
20260904-091901,NQU,FAULT_CONFIG_PATH,FAULT_EXPERIMENT_NAME,LD_PRELOAD,SUCCESS,queens=14200
20260904-091901,NQU,FAULT_CONFIG_PATH,FAULT_EXPERIMENT_NAME,LD_PRELOAD,SUCCESS,queens=14200
20260904-091902,NQU,FAULT_CONFIG_PATH,FAULT_EXPERIMENT_NAME,LD_PRELOAD,SUCCESS,queens=14200
20260904-091903,NQU,FAULT_CONFIG_PATH,FAULT_EXPERIMENT_NAME,LD_PRELOAD,SUCCESS,queens=14200
20260904-091903,NQU,FAULT_CONFIG_PATH,FAULT_EXPERIMENT_NAME,LD_PRELOAD,SUCCESS,queens=14200
20260904-091904,NQU,FAULT_CONFIG_PATH,FAULT_EXPERIMENT_NAME,LD_PRELOAD,SUCCESS,queens=14200
20260904-091904,NQU,FAULT_CONFIG_PATH,FAULT_EXPERIMENT_NAME,LD_PRELOAD,SUCCESS,queens=14200
20260904-091905,NQU,FAULT_CONFIG_PATH,FAULT_EXPERIMENT_NAME,LD_PRELOAD,SUCCESS,queens=14200
20260904-091906,NQU,FAULT_CONFIG_PATH,FAULT_EXPERIMENT_NAME,LD_PRELOAD,SUCCESS,queens=14200
20260904-091906,NQU,FAULT_CONFIG_PATH,FAULT_EXPERIMENT_NAME,LD_PRELOAD,SUCCESS,queens=14200
20260904-091907,NQU,FAULT_CONFIG_PATH,FAULT_EXPERIMENT_NAME,LD_PRELOAD,SUCCESS,queens=14200
20260904-091908,NQU,FAULT_CONFIG_PATH,FAULT_EXPERIMENT_NAME,LD_PRELOAD,SUCCESS,queens=14200
20260904-091908,NQU,FAULT_CONFIG_PATH,FAULT_EXPERIMENT_NAME,LD_PRELOAD,SUCCESS,queens=14200
20260904-091909,NQU,FAULT_CONFIG_PATH,FAULT_EXPERIMENT_NAME,LD_PRELOAD,SUCCESS,queens=14200
20260904-091909,NQU,FAULT_CONFIG_PATH,FAULT_EXPERIMENT_NAME,LD_PRELOAD,SUCCESS,queens=14200
20260904-091910,NQU,FAULT_CONFIG_PATH,FAULT_EXPERIMENT_NAME,LD_PRELOAD,SUCCESS,queens=14200
20260904-091910,NQU,FAULT_CONFIG_PATH,FAULT_EXPERIMENT_NAME,LD_PRELOAD,SUCCESS,queens=14200
20260904-091911,NQU,FAULT_CONFIG_PATH,FAULT_EXPERIMENT_NAME,LD_PRELOAD,SUCCESS,queens=14200
20260904-091911,NQU,FAULT_CONFIG_PATH,FAULT_EXPERIMENT_NAME,LD_PRELOAD,SUCCESS,queens=14200
20260904-091912,NQU,FAULT_CONFIG_PATH,FAULT_EXPERIMENT_NAME,LD_PRELOAD,SUCCESS,queens=14200
20260904-091913,NQU,FAULT_CONFIG_PATH,FAULT_EXPERIMENT_NAME,LD_PRELOAD,SUCCESS,queens=14200
20260904-091913,NQU,FAULT_CONFIG_PATH,FAULT_EXPERIMENT_NAME,LD_PRELOAD,SUCCESS,queens=14200
20260904-091914,NQU,FAULT_CONFIG_PATH,FAULT_EXPERIMENT_NAME,LD_PRELOAD,SUCCESS,queens=14200
20260904-091914,NQU,FAULT_CONFIG_PATH,FAULT_EXPERIMENT_NAME,LD_PRELOAD,SUCCESS,queens=14200
20260904-091915,NQU,FAULT_CONFIG_PATH,FAULT_EXPERIMENT_NAME,LD_PRELOAD,SUCCESS,queens=14200
20260904-091916,NQU,FAULT_CONFIG_PATH,FAULT_EXPERIMENT_NAME,LD_PRELOAD,SUCCESS,queens=14200
20260904-091916,NQU,FAULT_CONFIG_PATH,FAULT_EXPERIMENT_NAME,LD_PRELOAD,SUCCESS,queens=14200
20260904-091917,NQU,FAULT_CONFIG_PATH,FAULT_EXPERIMENT_NAME,LD_PRELOAD,SUCCESS,queens=14200
20260904-091918,NQU,FAULT_CONFIG_PATH,FAULT_EXPERIMENT_NAME,LD_PRELOAD,SUCCESS,queens=14200
20260904-091919,NQU,FAULT_CONFIG_PATH,FAULT_EXPERIMENT_NAME,LD_PRELOAD,SUCCESS,queens=14200
20260904-091920,NQU,FAULT_CONFIG_PATH,FAULT_EXPERIMENT_NAME,LD_PRELOAD,SUCCESS,queens=14200
20260904-091920,NQU,FAULT_CONFIG_PATH,FAULT_EXPERIMENT_NAME,LD_PRELOAD,SDC,queens=14232 expected=14200
20260904-091921,NQU,FAULT_CONFIG_PATH,FAULT_EXPERIMENT_NAME,LD_PRELOAD,SDC,queens=14232 expected=14200
20260904-091921,NQU,FAULT_CONFIG_PATH,FAULT_EXPERIMENT_NAME,LD_PRELOAD,SDC,queens=14232 expected=14200
20260904-091922,NQU,FAULT_CONFIG_PATH,FAULT_EXPERIMENT_NAME,LD_PRELOAD,SUCCESS,queens=14200
20260904-091922,NQU,FAULT_CONFIG_PATH,FAULT_EXPERIMENT_NAME,LD_PRELOAD,SUCCESS,queens=14200
20260904-091923,NQU,FAULT_CONFIG_PATH,FAULT_EXPERIMENT_NAME,LD_PRELOAD,SUCCESS,queens=14200
20260904-091923,NQU,FAULT_CONFIG_PATH,FAULT_EXPERIMENT_NAME,LD_PRELOAD,SUCCESS,queens=14200
20260904-091924,NQU,FAULT_CONFIG_PATH,FAULT_EXPERIMENT_NAME,LD_PRELOAD,SUCCESS,queens=14200
20260904-091924,NQU,FAULT_CONFIG_PATH,FAULT_EXPERIMENT_NAME,LD_PRELOAD,SUCCESS,queens=14200
20260904-091925,NQU,FAULT_CONFIG_PATH,FAULT_EXPERIMENT_NAME,LD_PRELOAD,SUCCESS,queens=14200
20260904-091926,NQU,FAULT_CONFIG_PATH,FAULT_EXPERIMENT_NAME,LD_PRELOAD,SUCCESS,queens=14200
20260904-091926,NQU,FAULT_CONFIG_PATH,FAULT_EXPERIMENT_NAME,LD_PRELOAD,SUCCESS,queens=14200
20260904-091927,NQU,FAULT_CONFIG_PATH,FAULT_EXPERIMENT_NAME,LD_PRELOAD,SUCCESS,queens=14200
20260904-091928,NQU,FAULT_CONFIG_PATH,FAULT_EXPERIMENT_NAME,LD_PRELOAD,SUCCESS,queens=14200
20260904-091928,NQU,FAULT_CONFIG_PATH,FAULT_EXPERIMENT_NAME,LD_PRELOAD,SUCCESS,queens=14200
20260904-091929,NQU,FAULT_CONFIG_PATH,FAULT_EXPERIMENT_NAME,LD_PRELOAD,SUCCESS,queens=14200
20260904-091930,NQU,FAULT_CONFIG_PATH,FAULT_EXPERIMENT_NAME,LD_PRELOAD,SUCCESS,queens=14200
20260904-091930,NQU,FAULT_CONFIG_PATH,FAULT_EXPERIMENT_NAME,LD_PRELOAD,SUCCESS,queens=14200
20260904-091931,NQU,FAULT_CONFIG_PATH,FAULT_EXPERIMENT_NAME,LD_PRELOAD,SUCCESS,queens=14200
20260904-091931,NQU,FAULT_CONFIG_PATH,FAULT_EXPERIMENT_NAME,LD_PRELOAD,SUCCESS,queens=14200
20260904-091932,NQU,FAULT_CONFIG_PATH,FAULT_EXPERIMENT_NAME,LD_PRELOAD,SUCCESS,queens=14200
20260904-091932,NQU,FAULT_CONFIG_PATH,FAULT_EXPERIMENT_NAME,LD_PRELOAD,SUCCESS,queens=14200
20260904-091933,NQU,FAULT_CONFIG_PATH,FAULT_EXPERIMENT_NAME,LD_PRELOAD,SUCCESS,queens=14200
20260904-091933,NQU,FAULT_CONFIG_PATH,FAULT_EXPERIMENT_NAME,LD_PRELOAD,SUCCESS,queens=14200
20260904-091934,NQU,FAULT_CONFIG_PATH,FAULT_EXPERIMENT_NAME,LD_PRELOAD,SUCCESS,queens=14200
20260904-091934,NQU,FAULT_CONFIG_PATH,FAULT_EXPERIMENT_NAME,LD_PRELOAD,SUCCESS,queens=14200
20260904-091935,NQU,FAULT_CONFIG_PATH,FAULT_EXPERIMENT_NAME,LD_PRELOAD,SUCCESS,queens=14200
20260904-091936,NQU,FAULT_CONFIG_PATH,FAULT_EXPERIMENT_NAME,LD_PRELOAD,SUCCESS,queens=14200
20260904-091936,NQU,FAULT_CONFIG_PATH,FAULT_EXPERIMENT_NAME,LD_PRELOAD,SUCCESS,queens=14200
20260904-091937,NQU,FAULT_CONFIG_PATH,FAULT_EXPERIMENT_NAME,LD_PRELOAD,SUCCESS,queens=14200
20260904-091937,NQU,FAULT_CONFIG_PATH,FAULT_EXPERIMENT_NAME,LD_PRELOAD,SDC,queens=14712 expected=14200
20260904-091938,NQU,FAULT_CONFIG_PATH,FAULT_EXPERIMENT_NAME,LD_PRELOAD,SDC,queens=14712 expected=14200
20260904-091939,NQU,FAULT_CONFIG_PATH,FAULT_EXPERIMENT_NAME,LD_PRELOAD,SDC,queens=14712 expected=14200
20260904-091939,NQU,FAULT_CONFIG_PATH,FAULT_EXPERIMENT_NAME,LD_PRELOAD,SUCCESS,queens=14200
20260904-091940,NQU,FAULT_CONFIG_PATH,FAULT_EXPERIMENT_NAME,LD_PRELOAD,SUCCESS,queens=14200
20260904-091940,NQU,FAULT_CONFIG_PATH,FAULT_EXPERIMENT_NAME,LD_PRELOAD,SUCCESS,queens=14200
20260904-091941,NQU,FAULT_CONFIG_PATH,FAULT_EXPERIMENT_NAME,LD_PRELOAD,SUCCESS,queens=14200
20260904-091942,NQU,FAULT_CONFIG_PATH,FAULT_EXPERIMENT_NAME,LD_PRELOAD,SUCCESS,queens=14200
20260904-091942,NQU,FAULT_CONFIG_PATH,FAULT_EXPERIMENT_NAME,LD_PRELOAD,SUCCESS,queens=14200
20260904-091943,NQU,FAULT_CONFIG_PATH,FAULT_EXPERIMENT_NAME,LD_PRELOAD,SDC,queens=14328 expected=14200
20260904-091943,NQU,FAULT_CONFIG_PATH,FAULT_EXPERIMENT_NAME,LD_PRELOAD,SDC,queens=14328 expected=14200
20260904-091944,NQU,FAULT_CONFIG_PATH,FAULT_EXPERIMENT_NAME,LD_PRELOAD,SDC,queens=14328 expected=14200
20260904-091944,NQU,FAULT_CONFIG_PATH,FAULT_EXPERIMENT_NAME,LD_PRELOAD,SUCCESS,queens=14200
20260904-091945,NQU,FAULT_CONFIG_PATH,FAULT_EXPERIMENT_NAME,LD_PRELOAD,SUCCESS,queens=14200
20260904-091946,NQU,FAULT_CONFIG_PATH,FAULT_EXPERIMENT_NAME,LD_PRELOAD,SUCCESS,queens=14200
20260904-091947,NQU,FAULT_CONFIG_PATH,FAULT_EXPERIMENT_NAME,LD_PRELOAD,SUCCESS,queens=14200
20260904-091947,NQU,FAULT_CONFIG_PATH,FAULT_EXPERIMENT_NAME,LD_PRELOAD,SUCCESS,queens=14200
20260904-091948,NQU,FAULT_CONFIG_PATH,FAULT_EXPERIMENT_NAME,LD_PRELOAD,SUCCESS,queens=14200
20260904-091948,NQU,FAULT_CONFIG_PATH,FAULT_EXPERIMENT_NAME,LD_PRELOAD,SUCCESS,queens=14200
20260904-091949,NQU,FAULT_CONFIG_PATH,FAULT_EXPERIMENT_NAME,LD_PRELOAD,SUCCESS,queens=14200
20260904-091950,NQU,FAULT_CONFIG_PATH,FAULT_EXPERIMENT_NAME,LD_PRELOAD,SUCCESS,queens=14200
20260904-091951,NQU,FAULT_CONFIG_PATH,FAULT_EXPERIMENT_NAME,LD_PRELOAD,SUCCESS,queens=14200
20260904-091951,NQU,FAULT_CONFIG_PATH,FAULT_EXPERIMENT_NAME,LD_PRELOAD,SUCCESS,queens=14200
20260904-091952,NQU,FAULT_CONFIG_PATH,FAULT_EXPERIMENT_NAME,LD_PRELOAD,SUCCESS,queens=14200
20260904-091953,NQU,FAULT_CONFIG_PATH,FAULT_EXPERIMENT_NAME,LD_PRELOAD,SUCCESS,queens=14200
20260904-091953,NQU,FAULT_CONFIG_PATH,FAULT_EXPERIMENT_NAME,LD_PRELOAD,SUCCESS,queens=14200
20260904-091954,NQU,FAULT_CONFIG_PATH,FAULT_EXPERIMENT_NAME,LD_PRELOAD,SUCCESS,queens=14200
20260904-091954,NQU,FAULT_CONFIG_PATH,FAULT_EXPERIMENT_NAME,LD_PRELOAD,SUCCESS,queens=14200
20260904-091955,NQU,FAULT_CONFIG_PATH,FAULT_EXPERIMENT_NAME,LD_PRELOAD,SUCCESS,queens=14200
20260904-091955,NQU,FAULT_CONFIG_PATH,FAULT_EXPERIMENT_NAME,LD_PRELOAD,SUCCESS,queens=14200
20260904-091958,NQU,FAULT_CONFIG_PATH,FAULT_EXPERIMENT_NAME,LD_PRELOAD,CUDA_ERROR,Cuda error in function 'cudaDeviceSynchronize()' file 'fault_injector.cu' in line 670 : an illegal memory access was enc
20260904-091958,NQU,FAULT_CONFIG_PATH,FAULT_EXPERIMENT_NAME,LD_PRELOAD,CUDA_ERROR,Cuda error in function 'cudaDeviceSynchronize()' file 'fault_injector.cu' in line 670 : an illegal memory access was enc
20260904-092001,NQU,FAULT_CONFIG_PATH,FAULT_EXPERIMENT_NAME,LD_PRELOAD,CUDA_ERROR,Cuda error in function 'cudaDeviceSynchronize()' file 'fault_injector.cu' in line 670 : an illegal memory access was enc
20260904-092002,NQU,FAULT_CONFIG_PATH,FAULT_EXPERIMENT_NAME,LD_PRELOAD,SUCCESS,queens=14200
20260904-092002,NQU,FAULT_CONFIG_PATH,FAULT_EXPERIMENT_NAME,LD_PRELOAD,SUCCESS,queens=14200
20260904-092003,NQU,FAULT_CONFIG_PATH,FAULT_EXPERIMENT_NAME,LD_PRELOAD,SUCCESS,queens=14200
20260904-092003,NQU,FAULT_CONFIG_PATH,FAULT_EXPERIMENT_NAME,LD_PRELOAD,SUCCESS,queens=14200
20260904-092004,NQU,FAULT_CONFIG_PATH,FAULT_EXPERIMENT_NAME,LD_PRELOAD,SUCCESS,queens=14200
20260904-092005,NQU,FAULT_CONFIG_PATH,FAULT_EXPERIMENT_NAME,LD_PRELOAD,SUCCESS,queens=14200
20260904-092005,NQU,FAULT_CONFIG_PATH,FAULT_EXPERIMENT_NAME,LD_PRELOAD,SUCCESS,queens=14200
20260904-092006,NQU,FAULT_CONFIG_PATH,FAULT_EXPERIMENT_NAME,LD_PRELOAD,SUCCESS,queens=14200
20260904-092007,NQU,FAULT_CONFIG_PATH,FAULT_EXPERIMENT_NAME,LD_PRELOAD,SUCCESS,queens=14200
20260904-092007,NQU,FAULT_CONFIG_PATH,FAULT_EXPERIMENT_NAME,LD_PRELOAD,SUCCESS,queens=14200
20260904-092008,NQU,FAULT_CONFIG_PATH,FAULT_EXPERIMENT_NAME,LD_PRELOAD,SUCCESS,queens=14200
20260904-092008,NQU,FAULT_CONFIG_PATH,FAULT_EXPERIMENT_NAME,LD_PRELOAD,SUCCESS,queens=14200
20260904-092009,NQU,FAULT_CONFIG_PATH,FAULT_EXPERIMENT_NAME,LD_PRELOAD,SUCCESS,queens=14200
20260904-092010,NQU,FAULT_CONFIG_PATH,FAULT_EXPERIMENT_NAME,LD_PRELOAD,SUCCESS,queens=14200
20260904-092011,NQU,FAULT_CONFIG_PATH,FAULT_EXPERIMENT_NAME,LD_PRELOAD,SUCCESS,queens=14200
20260904-092011,NQU,FAULT_CONFIG_PATH,FAULT_EXPERIMENT_NAME,LD_PRELOAD,SUCCESS,queens=14200
20260904-092012,NQU,FAULT_CONFIG_PATH,FAULT_EXPERIMENT_NAME,LD_PRELOAD,SUCCESS,queens=14200
20260904-092012,NQU,FAULT_CONFIG_PATH,FAULT_EXPERIMENT_NAME,LD_PRELOAD,SUCCESS,queens=14200
20260904-092013,NQU,FAULT_CONFIG_PATH,FAULT_EXPERIMENT_NAME,LD_PRELOAD,SUCCESS,queens=14200
20260904-092014,NQU,FAULT_CONFIG_PATH,FAULT_EXPERIMENT_NAME,LD_PRELOAD,SUCCESS,queens=14200
20260904-092014,NQU,FAULT_CONFIG_PATH,FAULT_EXPERIMENT_NAME,LD_PRELOAD,SUCCESS,queens=14200
20260904-092015,NQU,FAULT_CONFIG_PATH,FAULT_EXPERIMENT_NAME,LD_PRELOAD,SUCCESS,queens=14200
20260904-092016,NQU,FAULT_CONFIG_PATH,FAULT_EXPERIMENT_NAME,LD_PRELOAD,SUCCESS,queens=14200
20260904-092016,NQU,FAULT_CONFIG_PATH,FAULT_EXPERIMENT_NAME,LD_PRELOAD,SUCCESS,queens=14200
20260904-092017,NQU,FAULT_CONFIG_PATH,FAULT_EXPERIMENT_NAME,LD_PRELOAD,SUCCESS,queens=14200
20260904-092018,NQU,FAULT_CONFIG_PATH,FAULT_EXPERIMENT_NAME,LD_PRELOAD,SUCCESS,queens=14200
20260904-092018,NQU,FAULT_CONFIG_PATH,FAULT_EXPERIMENT_NAME,LD_PRELOAD,SUCCESS,queens=14200
20260904-092019,NQU,FAULT_CONFIG_PATH,FAULT_EXPERIMENT_NAME,LD_PRELOAD,SUCCESS,queens=14200
20260904-092020,NQU,FAULT_CONFIG_PATH,FAULT_EXPERIMENT_NAME,LD_PRELOAD,SUCCESS,queens=14200
20260904-092020,NQU,FAULT_CONFIG_PATH,FAULT_EXPERIMENT_NAME,LD_PRELOAD,SUCCESS,queens=14200
20260904-092021,NQU,FAULT_CONFIG_PATH,FAULT_EXPERIMENT_NAME,LD_PRELOAD,SUCCESS,queens=14200
20260904-092021,NQU,FAULT_CONFIG_PATH,FAULT_EXPERIMENT_NAME,LD_PRELOAD,SUCCESS,queens=14200
20260904-092022,NQU,FAULT_CONFIG_PATH,FAULT_EXPERIMENT_NAME,LD_PRELOAD,SUCCESS,queens=14200
20260904-092023,NQU,FAULT_CONFIG_PATH,FAULT_EXPERIMENT_NAME,LD_PRELOAD,SUCCESS,queens=14200
20260904-092024,NQU,FAULT_CONFIG_PATH,FAULT_EXPERIMENT_NAME,LD_PRELOAD,SUCCESS,queens=14200
20260904-092025,NQU,FAULT_CONFIG_PATH,FAULT_EXPERIMENT_NAME,LD_PRELOAD,SUCCESS,queens=14200
20260904-092025,NQU,FAULT_CONFIG_PATH,FAULT_EXPERIMENT_NAME,LD_PRELOAD,SUCCESS,queens=14200
20260904-092026,NQU,FAULT_CONFIG_PATH,FAULT_EXPERIMENT_NAME,LD_PRELOAD,SUCCESS,queens=14200
20260904-092027,NQU,FAULT_CONFIG_PATH,FAULT_EXPERIMENT_NAME,LD_PRELOAD,SUCCESS,queens=14200
20260904-092027,NQU,FAULT_CONFIG_PATH,FAULT_EXPERIMENT_NAME,LD_PRELOAD,SUCCESS,queens=14200
20260904-092028,NQU,FAULT_CONFIG_PATH,FAULT_EXPERIMENT_NAME,LD_PRELOAD,SUCCESS,queens=14200
20260904-092028,NQU,FAULT_CONFIG_PATH,FAULT_EXPERIMENT_NAME,LD_PRELOAD,SUCCESS,queens=14200
20260904-092029,NQU,FAULT_CONFIG_PATH,FAULT_EXPERIMENT_NAME,LD_PRELOAD,SUCCESS,queens=14200
20260904-092030,NQU,FAULT_CONFIG_PATH,FAULT_EXPERIMENT_NAME,LD_PRELOAD,SUCCESS,queens=14200
20260904-092030,NQU,FAULT_CONFIG_PATH,FAULT_EXPERIMENT_NAME,LD_PRELOAD,SUCCESS,queens=14200
20260904-092031,NQU,FAULT_CONFIG_PATH,FAULT_EXPERIMENT_NAME,LD_PRELOAD,SUCCESS,queens=14200
20260904-092032,NQU,FAULT_CONFIG_PATH,FAULT_EXPERIMENT_NAME,LD_PRELOAD,SUCCESS,queens=14200
20260904-092033,NQU,FAULT_CONFIG_PATH,FAULT_EXPERIMENT_NAME,LD_PRELOAD,SUCCESS,queens=14200
20260904-092033,NQU,FAULT_CONFIG_PATH,FAULT_EXPERIMENT_NAME,LD_PRELOAD,SUCCESS,queens=14200
20260904-092034,NQU,FAULT_CONFIG_PATH,FAULT_EXPERIMENT_NAME,LD_PRELOAD,SUCCESS,queens=14200
20260904-092034,NQU,FAULT_CONFIG_PATH,FAULT_EXPERIMENT_NAME,LD_PRELOAD,SUCCESS,queens=14200
20260904-092035,NQU,FAULT_CONFIG_PATH,FAULT_EXPERIMENT_NAME,LD_PRELOAD,SUCCESS,queens=14200
20260904-092036,NQU,FAULT_CONFIG_PATH,FAULT_EXPERIMENT_NAME,LD_PRELOAD,SUCCESS,queens=14200
20260904-092036,NQU,FAULT_CONFIG_PATH,FAULT_EXPERIMENT_NAME,LD_PRELOAD,SUCCESS,queens=14200
20260904-092037,NQU,FAULT_CONFIG_PATH,FAULT_EXPERIMENT_NAME,LD_PRELOAD,SUCCESS,queens=14200
20260904-092037,NQU,FAULT_CONFIG_PATH,FAULT_EXPERIMENT_NAME,LD_PRELOAD,SUCCESS,queens=14200
20260904-092038,NQU,FAULT_CONFIG_PATH,FAULT_EXPERIMENT_NAME,LD_PRELOAD,SUCCESS,queens=14200
20260904-092039,NQU,FAULT_CONFIG_PATH,FAULT_EXPERIMENT_NAME,LD_PRELOAD,SUCCESS,queens=14200
20260904-092039,NQU,FAULT_CONFIG_PATH,FAULT_EXPERIMENT_NAME,LD_PRELOAD,SUCCESS,queens=14200
20260904-092040,NQU,FAULT_CONFIG_PATH,FAULT_EXPERIMENT_NAME,LD_PRELOAD,SUCCESS,queens=14200
20260904-092040,NQU,FAULT_CONFIG_PATH,FAULT_EXPERIMENT_NAME,LD_PRELOAD,SUCCESS,queens=14200
20260904-092041,NQU,FAULT_CONFIG_PATH,FAULT_EXPERIMENT_NAME,LD_PRELOAD,SUCCESS,queens=14200
20260904-092042,NQU,FAULT_CONFIG_PATH,FAULT_EXPERIMENT_NAME,LD_PRELOAD,SUCCESS,queens=14200
20260904-092042,NQU,FAULT_CONFIG_PATH,FAULT_EXPERIMENT_NAME,LD_PRELOAD,SUCCESS,queens=14200
20260904-092043,NQU,FAULT_CONFIG_PATH,FAULT_EXPERIMENT_NAME,LD_PRELOAD,SUCCESS,queens=14200
20260904-092044,NQU,FAULT_CONFIG_PATH,FAULT_EXPERIMENT_NAME,LD_PRELOAD,SUCCESS,queens=14200
20260904-092044,NQU,FAULT_CONFIG_PATH,FAULT_EXPERIMENT_NAME,LD_PRELOAD,SUCCESS,queens=14200
20260904-092045,NQU,FAULT_CONFIG_PATH,FAULT_EXPERIMENT_NAME,LD_PRELOAD,SUCCESS,queens=14200
20260904-092046,NQU,FAULT_CONFIG_PATH,FAULT_EXPERIMENT_NAME,LD_PRELOAD,SUCCESS,queens=14200
20260904-092046,NQU,FAULT_CONFIG_PATH,FAULT_EXPERIMENT_NAME,LD_PRELOAD,SUCCESS,queens=14200
20260904-092047,NQU,FAULT_CONFIG_PATH,FAULT_EXPERIMENT_NAME,LD_PRELOAD,SUCCESS,queens=14200
20260904-092048,NQU,FAULT_CONFIG_PATH,FAULT_EXPERIMENT_NAME,LD_PRELOAD,SUCCESS,queens=14200
20260904-092048,NQU,FAULT_CONFIG_PATH,FAULT_EXPERIMENT_NAME,LD_PRELOAD,SUCCESS,queens=14200
20260904-092049,NQU,FAULT_CONFIG_PATH,FAULT_EXPERIMENT_NAME,LD_PRELOAD,SUCCESS,queens=14200
20260904-092050,NQU,FAULT_CONFIG_PATH,FAULT_EXPERIMENT_NAME,LD_PRELOAD,SUCCESS,queens=14200
20260904-092051,NQU,FAULT_CONFIG_PATH,FAULT_EXPERIMENT_NAME,LD_PRELOAD,SUCCESS,queens=14200
20260904-092051,NQU,FAULT_CONFIG_PATH,FAULT_EXPERIMENT_NAME,LD_PRELOAD,SUCCESS,queens=14200
20260904-092052,NQU,FAULT_CONFIG_PATH,FAULT_EXPERIMENT_NAME,LD_PRELOAD,SUCCESS,queens=14200
20260904-092053,NQU,FAULT_CONFIG_PATH,FAULT_EXPERIMENT_NAME,LD_PRELOAD,SUCCESS,queens=14200
20260904-092053,NQU,FAULT_CONFIG_PATH,FAULT_EXPERIMENT_NAME,LD_PRELOAD,SUCCESS,queens=14200
20260904-092054,NQU,FAULT_CONFIG_PATH,FAULT_EXPERIMENT_NAME,LD_PRELOAD,SUCCESS,queens=14200
20260904-092054,NQU,FAULT_CONFIG_PATH,FAULT_EXPERIMENT_NAME,LD_PRELOAD,SUCCESS,queens=14200
20260904-092055,NQU,FAULT_CONFIG_PATH,FAULT_EXPERIMENT_NAME,LD_PRELOAD,SUCCESS,queens=14200
20260904-092056,NQU,FAULT_CONFIG_PATH,FAULT_EXPERIMENT_NAME,LD_PRELOAD,SUCCESS,queens=14200
20260904-092057,NQU,FAULT_CONFIG_PATH,FAULT_EXPERIMENT_NAME,LD_PRELOAD,SUCCESS,queens=14200
20260904-092058,NQU,FAULT_CONFIG_PATH,FAULT_EXPERIMENT_NAME,LD_PRELOAD,SUCCESS,queens=14200
20260904-092058,NQU,FAULT_CONFIG_PATH,FAULT_EXPERIMENT_NAME,LD_PRELOAD,SUCCESS,queens=14200
20260904-092059,NQU,FAULT_CONFIG_PATH,FAULT_EXPERIMENT_NAME,LD_PRELOAD,SUCCESS,queens=14200
20260904-092100,NQU,FAULT_CONFIG_PATH,FAULT_EXPERIMENT_NAME,LD_PRELOAD,SUCCESS,queens=14200
20260904-092100,NQU,FAULT_CONFIG_PATH,FAULT_EXPERIMENT_NAME,LD_PRELOAD,SUCCESS,queens=14200
20260904-092101,NQU,FAULT_CONFIG_PATH,FAULT_EXPERIMENT_NAME,LD_PRELOAD,SUCCESS,queens=14200
20260904-092102,NQU,FAULT_CONFIG_PATH,FAULT_EXPERIMENT_NAME,LD_PRELOAD,SUCCESS,queens=14200
20260904-092102,NQU,FAULT_CONFIG_PATH,FAULT_EXPERIMENT_NAME,LD_PRELOAD,SUCCESS,queens=14200
20260904-092103,NQU,FAULT_CONFIG_PATH,FAULT_EXPERIMENT_NAME,LD_PRELOAD,SUCCESS,queens=14200
20260904-092103,NQU,FAULT_CONFIG_PATH,FAULT_EXPERIMENT_NAME,LD_PRELOAD,SUCCESS,queens=14200
20260904-092104,NQU,FAULT_CONFIG_PATH,FAULT_EXPERIMENT_NAME,LD_PRELOAD,SUCCESS,queens=14200
20260904-092105,NQU,FAULT_CONFIG_PATH,FAULT_EXPERIMENT_NAME,LD_PRELOAD,SUCCESS,queens=14200
20260904-092105,NQU,FAULT_CONFIG_PATH,FAULT_EXPERIMENT_NAME,LD_PRELOAD,SUCCESS,queens=14200
20260904-092106,NQU,FAULT_CONFIG_PATH,FAULT_EXPERIMENT_NAME,LD_PRELOAD,SUCCESS,queens=14200
20260904-092106,NQU,FAULT_CONFIG_PATH,FAULT_EXPERIMENT_NAME,LD_PRELOAD,SUCCESS,queens=14200
20260904-092107,NQU,FAULT_CONFIG_PATH,FAULT_EXPERIMENT_NAME,LD_PRELOAD,SUCCESS,queens=14200
20260904-092108,NQU,FAULT_CONFIG_PATH,FAULT_EXPERIMENT_NAME,LD_PRELOAD,SUCCESS,queens=14200
20260904-092108,NQU,FAULT_CONFIG_PATH,FAULT_EXPERIMENT_NAME,LD_PRELOAD,SUCCESS,queens=14200
20260904-092109,NQU,FAULT_CONFIG_PATH,FAULT_EXPERIMENT_NAME,LD_PRELOAD,SUCCESS,queens=14200
20260904-092109,NQU,FAULT_CONFIG_PATH,FAULT_EXPERIMENT_NAME,LD_PRELOAD,SUCCESS,queens=14200
20260904-092110,NQU,FAULT_CONFIG_PATH,FAULT_EXPERIMENT_NAME,LD_PRELOAD,SUCCESS,queens=14200
20260904-092110,NQU,FAULT_CONFIG_PATH,FAULT_EXPERIMENT_NAME,LD_PRELOAD,SUCCESS,queens=14200
20260904-092111,NQU,FAULT_CONFIG_PATH,FAULT_EXPERIMENT_NAME,LD_PRELOAD,SUCCESS,queens=14200
20260904-092112,NQU,FAULT_CONFIG_PATH,FAULT_EXPERIMENT_NAME,LD_PRELOAD,SUCCESS,queens=14200
20260904-092112,NQU,FAULT_CONFIG_PATH,FAULT_EXPERIMENT_NAME,LD_PRELOAD,SUCCESS,queens=14200
20260904-092113,NQU,FAULT_CONFIG_PATH,FAULT_EXPERIMENT_NAME,LD_PRELOAD,SUCCESS,queens=14200
20260904-092113,NQU,FAULT_CONFIG_PATH,FAULT_EXPERIMENT_NAME,LD_PRELOAD,SUCCESS,queens=14200
20260904-092114,NQU,FAULT_CONFIG_PATH,FAULT_EXPERIMENT_NAME,LD_PRELOAD,SUCCESS,queens=14200
20260904-092114,NQU,FAULT_CONFIG_PATH,FAULT_EXPERIMENT_NAME,LD_PRELOAD,SUCCESS,queens=14200
20260904-092115,NQU,FAULT_CONFIG_PATH,FAULT_EXPERIMENT_NAME,LD_PRELOAD,SUCCESS,queens=14200
20260904-092115,NQU,FAULT_CONFIG_PATH,FAULT_EXPERIMENT_NAME,LD_PRELOAD,SUCCESS,queens=14200
20260904-092116,NQU,FAULT_CONFIG_PATH,FAULT_EXPERIMENT_NAME,LD_PRELOAD,SUCCESS,queens=14200
20260904-092117,NQU,FAULT_CONFIG_PATH,FAULT_EXPERIMENT_NAME,LD_PRELOAD,SUCCESS,queens=14200
20260904-092117,NQU,FAULT_CONFIG_PATH,FAULT_EXPERIMENT_NAME,LD_PRELOAD,SUCCESS,queens=14200
20260904-092118,NQU,FAULT_CONFIG_PATH,FAULT_EXPERIMENT_NAME,LD_PRELOAD,SUCCESS,queens=14200
20260904-092118,NQU,FAULT_CONFIG_PATH,FAULT_EXPERIMENT_NAME,LD_PRELOAD,SUCCESS,queens=14200
20260904-092119,NQU,FAULT_CONFIG_PATH,FAULT_EXPERIMENT_NAME,LD_PRELOAD,SUCCESS,queens=14200
20260904-092120,NQU,FAULT_CONFIG_PATH,FAULT_EXPERIMENT_NAME,LD_PRELOAD,SUCCESS,queens=14200
20260904-092120,NQU,FAULT_CONFIG_PATH,FAULT_EXPERIMENT_NAME,LD_PRELOAD,SUCCESS,queens=14200
20260904-092121,NQU,FAULT_CONFIG_PATH,FAULT_EXPERIMENT_NAME,LD_PRELOAD,SUCCESS,queens=14200
20260904-092121,NQU,FAULT_CONFIG_PATH,FAULT_EXPERIMENT_NAME,LD_PRELOAD,SUCCESS,queens=14200
20260904-092122,NQU,FAULT_CONFIG_PATH,FAULT_EXPERIMENT_NAME,LD_PRELOAD,SUCCESS,queens=14200
20260904-092122,NQU,FAULT_CONFIG_PATH,FAULT_EXPERIMENT_NAME,LD_PRELOAD,SUCCESS,queens=14200
20260904-092123,NQU,FAULT_CONFIG_PATH,FAULT_EXPERIMENT_NAME,LD_PRELOAD,SUCCESS,queens=14200
20260904-092124,NQU,FAULT_CONFIG_PATH,FAULT_EXPERIMENT_NAME,LD_PRELOAD,SUCCESS,queens=14200
20260904-092124,NQU,FAULT_CONFIG_PATH,FAULT_EXPERIMENT_NAME,LD_PRELOAD,SUCCESS,queens=14200
20260904-092125,NQU,FAULT_CONFIG_PATH,FAULT_EXPERIMENT_NAME,LD_PRELOAD,SUCCESS,queens=14200
20260904-092126,NQU,FAULT_CONFIG_PATH,FAULT_EXPERIMENT_NAME,LD_PRELOAD,SUCCESS,queens=14200
20260904-092127,NQU,FAULT_CONFIG_PATH,FAULT_EXPERIMENT_NAME,LD_PRELOAD,SUCCESS,queens=14200
20260904-092128,NQU,FAULT_CONFIG_PATH,FAULT_EXPERIMENT_NAME,LD_PRELOAD,SUCCESS,queens=14200
20260904-092131,NQU,FAULT_CONFIG_PATH,FAULT_EXPERIMENT_NAME,LD_PRELOAD,CUDA_ERROR,Cuda error in function 'cudaDeviceSynchronize()' file 'fault_injector.cu' in line 670 : an illegal memory access was enc
20260904-092133,NQU,FAULT_CONFIG_PATH,FAULT_EXPERIMENT_NAME,LD_PRELOAD,CUDA_ERROR,Cuda error in function 'cudaDeviceSynchronize()' file 'fault_injector.cu' in line 670 : an illegal memory access was enc
20260904-092135,NQU,FAULT_CONFIG_PATH,FAULT_EXPERIMENT_NAME,LD_PRELOAD,CUDA_ERROR,Cuda error in function 'cudaDeviceSynchronize()' file 'fault_injector.cu' in line 670 : an illegal memory access was enc
20260904-092136,NQU,FAULT_CONFIG_PATH,FAULT_EXPERIMENT_NAME,LD_PRELOAD,SUCCESS,queens=14200
20260904-092137,NQU,FAULT_CONFIG_PATH,FAULT_EXPERIMENT_NAME,LD_PRELOAD,SUCCESS,queens=14200
20260904-092137,NQU,FAULT_CONFIG_PATH,FAULT_EXPERIMENT_NAME,LD_PRELOAD,SUCCESS,queens=14200
20260904-092138,NQU,FAULT_CONFIG_PATH,FAULT_EXPERIMENT_NAME,LD_PRELOAD,SUCCESS,queens=14200
20260904-092139,NQU,FAULT_CONFIG_PATH,FAULT_EXPERIMENT_NAME,LD_PRELOAD,SUCCESS,queens=14200
20260904-092139,NQU,FAULT_CONFIG_PATH,FAULT_EXPERIMENT_NAME,LD_PRELOAD,SUCCESS,queens=14200
20260904-092140,NQU,FAULT_CONFIG_PATH,FAULT_EXPERIMENT_NAME,LD_PRELOAD,SUCCESS,queens=14200
20260904-092140,NQU,FAULT_CONFIG_PATH,FAULT_EXPERIMENT_NAME,LD_PRELOAD,SUCCESS,queens=14200
20260904-092141,NQU,FAULT_CONFIG_PATH,FAULT_EXPERIMENT_NAME,LD_PRELOAD,SUCCESS,queens=14200
20260904-092141,NQU,FAULT_CONFIG_PATH,FAULT_EXPERIMENT_NAME,LD_PRELOAD,SUCCESS,queens=14200
20260904-092142,NQU,FAULT_CONFIG_PATH,FAULT_EXPERIMENT_NAME,LD_PRELOAD,SUCCESS,queens=14200
20260904-092142,NQU,FAULT_CONFIG_PATH,FAULT_EXPERIMENT_NAME,LD_PRELOAD,SUCCESS,queens=14200
20260904-092143,NQU,FAULT_CONFIG_PATH,FAULT_EXPERIMENT_NAME,LD_PRELOAD,SUCCESS,queens=14200
20260904-092143,NQU,FAULT_CONFIG_PATH,FAULT_EXPERIMENT_NAME,LD_PRELOAD,SUCCESS,queens=14200
20260904-092144,NQU,FAULT_CONFIG_PATH,FAULT_EXPERIMENT_NAME,LD_PRELOAD,SUCCESS,queens=14200
20260904-092145,NQU,FAULT_CONFIG_PATH,FAULT_EXPERIMENT_NAME,LD_PRELOAD,SUCCESS,queens=14200
20260904-092145,NQU,FAULT_CONFIG_PATH,FAULT_EXPERIMENT_NAME,LD_PRELOAD,SUCCESS,queens=14200
20260904-092146,NQU,FAULT_CONFIG_PATH,FAULT_EXPERIMENT_NAME,LD_PRELOAD,SUCCESS,queens=14200
20260904-092146,NQU,FAULT_CONFIG_PATH,FAULT_EXPERIMENT_NAME,LD_PRELOAD,SUCCESS,queens=14200
20260904-092147,NQU,FAULT_CONFIG_PATH,FAULT_EXPERIMENT_NAME,LD_PRELOAD,SUCCESS,queens=14200
20260904-092147,NQU,FAULT_CONFIG_PATH,FAULT_EXPERIMENT_NAME,LD_PRELOAD,SUCCESS,queens=14200
20260904-092148,NQU,FAULT_CONFIG_PATH,FAULT_EXPERIMENT_NAME,LD_PRELOAD,SUCCESS,queens=14200
20260904-092149,NQU,FAULT_CONFIG_PATH,FAULT_EXPERIMENT_NAME,LD_PRELOAD,SUCCESS,queens=14200
20260904-092149,NQU,FAULT_CONFIG_PATH,FAULT_EXPERIMENT_NAME,LD_PRELOAD,SUCCESS,queens=14200
20260904-092150,NQU,FAULT_CONFIG_PATH,FAULT_EXPERIMENT_NAME,LD_PRELOAD,SUCCESS,queens=14200
20260904-092151,NQU,FAULT_CONFIG_PATH,FAULT_EXPERIMENT_NAME,LD_PRELOAD,SUCCESS,queens=14200
20260904-092151,NQU,FAULT_CONFIG_PATH,FAULT_EXPERIMENT_NAME,LD_PRELOAD,SUCCESS,queens=14200
20260904-092152,NQU,FAULT_CONFIG_PATH,FAULT_EXPERIMENT_NAME,LD_PRELOAD,SUCCESS,queens=14200
20260904-092152,NQU,FAULT_CONFIG_PATH,FAULT_EXPERIMENT_NAME,LD_PRELOAD,SUCCESS,queens=14200
20260904-092153,NQU,FAULT_CONFIG_PATH,FAULT_EXPERIMENT_NAME,LD_PRELOAD,SUCCESS,queens=14200
20260904-092154,NQU,FAULT_CONFIG_PATH,FAULT_EXPERIMENT_NAME,LD_PRELOAD,SUCCESS,queens=14200
20260904-092154,NQU,FAULT_CONFIG_PATH,FAULT_EXPERIMENT_NAME,LD_PRELOAD,SUCCESS,queens=14200
20260904-092155,NQU,FAULT_CONFIG_PATH,FAULT_EXPERIMENT_NAME,LD_PRELOAD,SUCCESS,queens=14200
20260904-092155,NQU,FAULT_CONFIG_PATH,FAULT_EXPERIMENT_NAME,LD_PRELOAD,SUCCESS,queens=14200
20260904-092156,NQU,FAULT_CONFIG_PATH,FAULT_EXPERIMENT_NAME,LD_PRELOAD,SUCCESS,queens=14200
20260904-092157,NQU,FAULT_CONFIG_PATH,FAULT_EXPERIMENT_NAME,LD_PRELOAD,SUCCESS,queens=14200
20260904-092157,NQU,FAULT_CONFIG_PATH,FAULT_EXPERIMENT_NAME,LD_PRELOAD,SUCCESS,queens=14200
20260904-092158,NQU,FAULT_CONFIG_PATH,FAULT_EXPERIMENT_NAME,LD_PRELOAD,SUCCESS,queens=14200
20260904-092158,NQU,FAULT_CONFIG_PATH,FAULT_EXPERIMENT_NAME,LD_PRELOAD,SUCCESS,queens=14200
